ajuste,data,open_interest,pu,taxa,ticker,ultimo_preco,vencimento,volume
13.12,2025-11-17,42660.0,13.11,13.11,DI1J30,13.11,2030-04-01,42.0
13.043,2025-11-17,77315.0,13.055,13.055,DI1V29,13.055,2029-10-01,71.0
13.199,2025-11-17,1510916.0,13.205,13.205,DI1N27,13.205,2027-07-01,46731.0
13.65,2025-11-17,5929763.0,13.665,13.665,DI1F27,13.665,2027-01-04,160366.0
13.463,2025-11-17,57591.0,13.42,13.42,DI1F37,13.42,2037-01-02,1.0
13.49,2025-11-17,777353.0,13.48,13.48,DI1F35,13.48,2035-01-02,71164.0
13.411,2025-11-17,938179.0,13.41,13.41,DI1J27,13.41,2027-04-01,11868.0
12.891,2025-11-17,237113.0,12.895,12.895,DI1J28,12.895,2028-04-03,882.0
13.142,2025-11-17,39912.0,13.14,13.14,DI1Q27,13.14,2027-08-02,47.0
13.052,2025-11-17,1155540.0,13.065,13.065,DI1V27,13.065,2027-10-01,15315.0
13.382,2025-11-17,1357163.0,13.375,13.375,DI1F32,13.375,2032-01-02,35874.0
13.087,2025-11-17,1208288.0,13.09,13.09,DI1F30,13.09,2030-01-02,31269.0
13.351,2025-11-17,50621.0,,,DI1F40,,2040-01-02,
14.902,2025-11-17,1315767.0,14.899,14.899,DI1Z25,14.899,2025-12-01,5941.0
13.881,2025-11-17,47257.0,13.895,13.895,DI1X26,13.895,2026-11-03,1758.0
12.912,2025-11-17,3602201.0,12.92,12.92,DI1F29,12.92,2029-01-02,228361.0
13.358,2025-11-17,33599.0,,,DI1F39,,2039-01-03,
14.767,2025-11-17,2122743.0,14.765,14.765,DI1J26,14.765,2026-04-01,231764.0
12.949,2025-11-17,85164.0,12.94,12.94,DI1J29,12.94,2029-04-02,74.0
14.012,2025-11-17,1033355.0,14.02,14.02,DI1V26,14.02,2026-10-01,33860.0
13.77,2025-11-17,94801.0,13.785,13.785,DI1Z26,13.785,2026-12-01,3891.0
13.441,2025-11-17,607643.0,13.435,13.435,DI1F33,13.435,2033-01-03,32118.0
13.248,2025-11-17,1801847.0,13.24,13.24,DI1F31,13.24,2031-01-02,159067.0
13.001,2025-11-17,1030399.0,13.005,13.005,DI1N29,13.005,2029-07-02,63713.0
14.549,2025-11-17,281592.0,14.555,14.555,DI1M26,14.555,2026-06-01,3290.0
12.939,2025-11-17,3393185.0,12.945,12.945,DI1F28,12.945,2028-01-03,214080.0
13.393,2025-11-17,50114.0,13.395,13.395,DI1F38,13.395,2038-01-04,2.0
13.17,2025-11-17,71193.0,13.16,13.16,DI1N30,13.16,2030-07-01,74.0
12.893,2025-11-17,131765.0,12.9,12.9,DI1V28,12.9,2028-10-02,98.0
14.419,2025-11-17,2897909.0,14.425,14.425,DI1N26,14.425,2026-07-01,206326.0
14.149,2025-11-17,208293.0,14.155,14.155,DI1U26,14.155,2026-09-01,5052.0
14.892,2025-11-17,437220.0,14.891,14.891,DI1G26,14.891,2026-02-02,35304.0
14.848,2025-11-17,306951.0,14.85,14.85,DI1H26,14.85,2026-03-02,18289.0
14.678,2025-11-17,264255.0,14.685,14.685,DI1K26,14.685,2026-05-04,278.0
14.895,2025-11-17,4608464.0,14.895,14.895,DI1F26,14.895,2026-01-02,79629.0
13.47,2025-11-17,67994.0,13.455,13.455,DI1F36,13.455,2036-01-02,203.0
13.473,2025-11-17,275221.0,13.465,13.465,DI1F34,13.465,2034-01-02,395.0
12.875,2025-11-17,510825.0,12.875,12.875,DI1N28,12.875,2028-07-03,17037.0
13.2,2025-11-17,27189.0,13.19,13.19,DI1V30,13.19,2030-10-01,90.0
14.285,2025-11-17,90523.0,14.29,14.29,DI1Q26,14.29,2026-08-03,276.0
,2025-11-17,,,,DI1D,,9999-12-31,
13.109,2025-11-18,42702.0,13.11,13.11,DI1J30,13.11,2030-04-01,224.0
13.029,2025-11-18,77314.0,13.07,13.07,DI1V29,13.07,2029-10-01,786.0
13.183,2025-11-18,1501641.0,13.195,13.195,DI1N27,13.195,2027-07-01,70637.0
13.642,2025-11-18,5919387.0,13.65,13.65,DI1F27,13.65,2027-01-04,287900.0
13.45,2025-11-18,57591.0,13.465,13.465,DI1F37,13.465,2037-01-02,223.0
13.481,2025-11-18,786168.0,13.51,13.51,DI1F35,13.51,2035-01-02,74498.0
13.398,2025-11-18,939926.0,13.415,13.415,DI1J27,13.415,2027-04-01,18563.0
12.868,2025-11-18,237291.0,12.9,12.9,DI1J28,12.9,2028-04-03,610.0
13.122,2025-11-18,39959.0,13.13,13.13,DI1Q27,13.13,2027-08-02,190.0
13.031,2025-11-18,1148198.0,13.055,13.055,DI1V27,13.055,2027-10-01,27997.0
13.375,2025-11-18,1356999.0,13.41,13.41,DI1F32,13.41,2032-01-02,50616.0
13.072,2025-11-18,1208412.0,13.105,13.105,DI1F30,13.105,2030-01-02,80358.0
13.338,2025-11-18,50621.0,,13.338,DI1F40,,2040-01-02,
14.9,2025-11-18,1316185.0,14.901,14.901,DI1Z25,14.901,2025-12-01,14121.0
13.871,2025-11-18,47966.0,13.885,13.885,DI1X26,13.885,2026-11-03,1943.0
12.887,2025-11-18,3588266.0,12.925,12.925,DI1F29,12.925,2029-01-02,293690.0
13.345,2025-11-18,33599.0,,13.345,DI1F39,,2039-01-03,
14.766,2025-11-18,2187466.0,14.765,14.765,DI1J26,14.765,2026-04-01,224572.0
12.932,2025-11-18,85185.0,12.94,12.94,DI1J29,12.94,2029-04-02,552.0
14.005,2025-11-18,1036991.0,14.01,14.01,DI1V26,14.01,2026-10-01,52816.0
13.76,2025-11-18,94853.0,13.77,13.77,DI1Z26,13.77,2026-12-01,6017.0
13.434,2025-11-18,614001.0,13.46,13.46,DI1F33,13.46,2033-01-03,43106.0
13.24,2025-11-18,1803196.0,13.27,13.27,DI1F31,13.27,2031-01-02,185573.0
12.997,2025-11-18,1029234.0,13.02,13.02,DI1N29,13.02,2029-07-02,127793.0
14.54,2025-11-18,281209.0,14.555,14.555,DI1M26,14.555,2026-06-01,2537.0
12.917,2025-11-18,3364695.0,12.945,12.945,DI1F28,12.945,2028-01-03,300161.0
13.377,2025-11-18,50408.0,,13.377,DI1F38,,2038-01-04,
13.161,2025-11-18,71193.0,13.19,13.19,DI1N30,13.19,2030-07-01,840.0
12.877,2025-11-18,131771.0,12.915,12.915,DI1V28,12.915,2028-10-02,2016.0
14.415,2025-11-18,2952747.0,14.415,14.415,DI1N26,14.415,2026-07-01,325487.0
14.14,2025-11-18,202602.0,14.15,14.15,DI1U26,14.15,2026-09-01,2322.0
14.892,2025-11-18,449555.0,14.892,14.892,DI1G26,14.892,2026-02-02,56330.0
14.846,2025-11-18,307955.0,14.84,14.84,DI1H26,14.84,2026-03-02,33961.0
14.674,2025-11-18,264245.0,14.68,14.68,DI1K26,14.68,2026-05-04,4112.0
14.896,2025-11-18,4642439.0,14.895,14.895,DI1F26,14.895,2026-01-02,319902.0
13.455,2025-11-18,68154.0,13.455,13.455,DI1F36,13.455,2036-01-02,201.0
13.462,2025-11-18,274720.0,13.49,13.49,DI1F34,13.49,2034-01-02,1046.0
12.857,2025-11-18,510141.0,12.89,12.89,DI1N28,12.89,2028-07-03,17346.0
13.193,2025-11-18,27189.0,13.21,13.21,DI1V30,13.21,2030-10-01,174.0
14.278,2025-11-18,90759.0,14.28,14.28,DI1Q26,14.28,2026-08-03,4788.0
,2025-11-18,,,,DI1D,,9999-12-31,
13.103,2025-11-19,42563.0,13.1,13.1,DI1J30,13.1,2030-04-01,47.0
13.024,2025-11-19,76716.0,13.0,13.0,DI1V29,13.0,2029-10-01,118.0
13.178,2025-11-19,1505818.0,13.16,13.16,DI1N27,13.16,2027-07-01,48226.0
13.636,2025-11-19,5951253.0,13.63,13.63,DI1F27,13.63,2027-01-04,320383.0
13.446,2025-11-19,57591.0,13.425,13.425,DI1F37,13.425,2037-01-02,22.0
13.475,2025-11-19,793976.0,13.44,13.44,DI1F35,13.44,2035-01-02,71292.0
13.394,2025-11-19,942332.0,13.385,13.385,DI1J27,13.385,2027-04-01,9606.0
12.861,2025-11-19,237283.0,12.845,12.845,DI1J28,12.845,2028-04-03,436.0
13.117,2025-11-19,39959.0,13.105,13.105,DI1Q27,13.105,2027-08-02,388.0
13.022,2025-11-19,1132447.0,13.005,13.005,DI1V27,13.005,2027-10-01,18486.0
13.364,2025-11-19,1357834.0,13.335,13.335,DI1F32,13.335,2032-01-02,39728.0
13.068,2025-11-19,1202471.0,13.045,13.045,DI1F30,13.045,2030-01-02,64847.0
13.356,2025-11-19,50621.0,,13.356,DI1F40,,2040-01-02,
14.898,2025-11-19,1403081.0,14.898,14.898,DI1Z25,14.898,2025-12-01,10333.0
13.87,2025-11-19,48111.0,13.87,13.87,DI1X26,13.87,2026-11-03,11214.0
12.885,2025-11-19,3570515.0,12.86,12.86,DI1F29,12.86,2029-01-02,292732.0
13.363,2025-11-19,33599.0,,13.363,DI1F39,,2039-01-03,
14.769,2025-11-19,2185459.0,14.77,14.77,DI1J26,14.77,2026-04-01,123416.0
12.924,2025-11-19,85135.0,12.9,12.9,DI1J29,12.9,2029-04-02,199.0
14.004,2025-11-19,1045176.0,13.995,13.995,DI1V26,13.995,2026-10-01,44107.0
13.758,2025-11-19,94604.0,13.75,13.75,DI1Z26,13.75,2026-12-01,2645.0
13.424,2025-11-19,611681.0,13.39,13.39,DI1F33,13.39,2033-01-03,31939.0
13.23,2025-11-19,1774485.0,13.205,13.205,DI1F31,13.205,2031-01-02,196830.0
12.984,2025-11-19,1027662.0,12.97,12.97,DI1N29,12.97,2029-07-02,153881.0
14.545,2025-11-19,282052.0,14.55,14.55,DI1M26,14.55,2026-06-01,1905.0
12.907,2025-11-19,3337483.0,12.89,12.89,DI1F28,12.89,2028-01-03,238069.0
13.395,2025-11-19,50408.0,13.365,13.365,DI1F38,13.365,2038-01-04,54.0
13.155,2025-11-19,71654.0,13.15,13.15,DI1N30,13.15,2030-07-01,730.0
12.869,2025-11-19,131881.0,12.865,12.865,DI1V28,12.865,2028-10-02,607.0
14.416,2025-11-19,3015958.0,14.41,14.41,DI1N26,14.41,2026-07-01,126996.0
14.141,2025-11-19,202807.0,14.14,14.14,DI1U26,14.14,2026-09-01,2144.0
14.891,2025-11-19,474913.0,14.89,14.89,DI1G26,14.89,2026-02-02,18296.0
14.848,2025-11-19,307966.0,14.85,14.85,DI1H26,14.85,2026-03-02,9060.0
14.679,2025-11-19,265786.0,14.68,14.68,DI1K26,14.68,2026-05-04,1158.0
14.896,2025-11-19,4662432.0,14.893,14.893,DI1F26,14.893,2026-01-02,101742.0
13.446,2025-11-19,68355.0,13.42,13.42,DI1F36,13.42,2036-01-02,573.0
13.454,2025-11-19,274949.0,13.42,13.42,DI1F34,13.42,2034-01-02,2078.0
12.849,2025-11-19,508377.0,12.83,12.83,DI1N28,12.83,2028-07-03,14698.0
13.184,2025-11-19,27231.0,13.175,13.175,DI1V30,13.175,2030-10-01,144.0
14.277,2025-11-19,92406.0,14.27,14.27,DI1Q26,14.27,2026-08-03,1564.0
,2025-11-19,,,,DI1D,,9999-12-31,
13.103,2025-11-20,42563.0,13.1,13.1,DI1J30,13.1,2030-04-01,47.0
13.024,2025-11-20,76716.0,13.0,13.0,DI1V29,13.0,2029-10-01,118.0
13.178,2025-11-20,1505818.0,13.16,13.16,DI1N27,13.16,2027-07-01,48226.0
13.636,2025-11-20,5951253.0,13.63,13.63,DI1F27,13.63,2027-01-04,320383.0
13.446,2025-11-20,57591.0,13.425,13.425,DI1F37,13.425,2037-01-02,22.0
13.475,2025-11-20,793976.0,13.44,13.44,DI1F35,13.44,2035-01-02,71292.0
13.394,2025-11-20,942332.0,13.385,13.385,DI1J27,13.385,2027-04-01,9606.0
12.861,2025-11-20,237283.0,12.845,12.845,DI1J28,12.845,2028-04-03,436.0
13.117,2025-11-20,39959.0,13.105,13.105,DI1Q27,13.105,2027-08-02,388.0
13.022,2025-11-20,1132447.0,13.005,13.005,DI1V27,13.005,2027-10-01,18486.0
13.364,2025-11-20,1357834.0,13.335,13.335,DI1F32,13.335,2032-01-02,39728.0
13.068,2025-11-20,1202471.0,13.045,13.045,DI1F30,13.045,2030-01-02,64847.0
13.356,2025-11-20,50621.0,,13.356,DI1F40,,2040-01-02,
14.898,2025-11-20,1403081.0,14.898,14.898,DI1Z25,14.898,2025-12-01,10333.0
13.87,2025-11-20,48111.0,13.87,13.87,DI1X26,13.87,2026-11-03,11214.0
12.885,2025-11-20,3570515.0,12.86,12.86,DI1F29,12.86,2029-01-02,292732.0
13.363,2025-11-20,33599.0,,13.363,DI1F39,,2039-01-03,
14.769,2025-11-20,2185459.0,14.77,14.77,DI1J26,14.77,2026-04-01,123416.0
12.924,2025-11-20,85135.0,12.9,12.9,DI1J29,12.9,2029-04-02,199.0
14.004,2025-11-20,1045176.0,13.995,13.995,DI1V26,13.995,2026-10-01,44107.0
13.758,2025-11-20,94604.0,13.75,13.75,DI1Z26,13.75,2026-12-01,2645.0
13.424,2025-11-20,611681.0,13.39,13.39,DI1F33,13.39,2033-01-03,31939.0
13.23,2025-11-20,1774485.0,13.205,13.205,DI1F31,13.205,2031-01-02,196830.0
12.984,2025-11-20,1027662.0,12.97,12.97,DI1N29,12.97,2029-07-02,153881.0
14.545,2025-11-20,282052.0,14.55,14.55,DI1M26,14.55,2026-06-01,1905.0
12.907,2025-11-20,3337483.0,12.89,12.89,DI1F28,12.89,2028-01-03,238069.0
13.395,2025-11-20,50408.0,13.365,13.365,DI1F38,13.365,2038-01-04,54.0
13.155,2025-11-20,71654.0,13.15,13.15,DI1N30,13.15,2030-07-01,730.0
12.869,2025-11-20,131881.0,12.865,12.865,DI1V28,12.865,2028-10-02,607.0
14.416,2025-11-20,3015958.0,14.41,14.41,DI1N26,14.41,2026-07-01,126996.0
14.141,2025-11-20,202807.0,14.14,14.14,DI1U26,14.14,2026-09-01,2144.0
14.891,2025-11-20,474913.0,14.89,14.89,DI1G26,14.89,2026-02-02,18296.0
14.848,2025-11-20,307966.0,14.85,14.85,DI1H26,14.85,2026-03-02,9060.0
14.679,2025-11-20,265786.0,14.68,14.68,DI1K26,14.68,2026-05-04,1158.0
14.896,2025-11-20,4662432.0,14.893,14.893,DI1F26,14.893,2026-01-02,101742.0
13.446,2025-11-20,68355.0,13.42,13.42,DI1F36,13.42,2036-01-02,573.0
13.454,2025-11-20,274949.0,13.42,13.42,DI1F34,13.42,2034-01-02,2078.0
12.849,2025-11-20,508377.0,12.83,12.83,DI1N28,12.83,2028-07-03,14698.0
13.184,2025-11-20,27231.0,13.175,13.175,DI1V30,13.175,2030-10-01,144.0
14.277,2025-11-20,92406.0,14.27,14.27,DI1Q26,14.27,2026-08-03,1564.0
,2025-11-20,,,,DI1D,,9999-12-31,
13.088,2025-11-21,42603.0,13.075,13.075,DI1J30,13.075,2030-04-01,9.0
13.015,2025-11-21,76717.0,13.01,13.01,DI1V29,13.01,2029-10-01,245.0
13.174,2025-11-21,1512307.0,13.15,13.15,DI1N27,13.15,2027-07-01,100406.0
13.634,2025-11-21,6075776.0,13.615,13.615,DI1F27,13.615,2027-01-04,471082.0
13.405,2025-11-21,57591.0,13.38,13.38,DI1F37,13.38,2037-01-02,21.0
13.433,2025-11-21,792057.0,13.42,13.42,DI1F35,13.42,2035-01-02,42169.0
13.389,2025-11-21,943080.0,13.365,13.365,DI1J27,13.365,2027-04-01,17806.0
12.87,2025-11-21,237202.0,12.85,12.85,DI1J28,12.85,2028-04-03,1265.0
13.116,2025-11-21,40108.0,13.105,13.105,DI1Q27,13.105,2027-08-02,242.0
13.028,2025-11-21,1128688.0,13.005,13.005,DI1V27,13.005,2027-10-01,34155.0
13.333,2025-11-21,1366327.0,13.315,13.315,DI1F32,13.315,2032-01-02,61400.0
13.055,2025-11-21,1208581.0,13.035,13.035,DI1F30,13.035,2030-01-02,50839.0
13.293,2025-11-21,50621.0,,13.293,DI1F40,,2040-01-02,
14.895,2025-11-21,1395766.0,14.9,14.9,DI1Z25,14.9,2025-12-01,20576.0
13.874,2025-11-21,57385.0,13.87,13.87,DI1X26,13.87,2026-11-03,1585.0
12.886,2025-11-21,3565285.0,12.865,12.865,DI1F29,12.865,2029-01-02,240125.0
13.3,2025-11-21,33599.0,,13.3,DI1F39,,2039-01-03,
14.78,2025-11-21,2175164.0,14.775,14.775,DI1J26,14.775,2026-04-01,158951.0
12.923,2025-11-21,85179.0,12.915,12.915,DI1J29,12.915,2029-04-02,235.0
14.007,2025-11-21,1049194.0,13.995,13.995,DI1V26,13.995,2026-10-01,92705.0
13.755,2025-11-21,95482.0,13.76,13.76,DI1Z26,13.76,2026-12-01,5771.0
13.387,2025-11-21,616158.0,13.385,13.385,DI1F33,13.385,2033-01-03,18632.0
13.203,2025-11-21,1778178.0,13.185,13.185,DI1F31,13.185,2031-01-02,163603.0
12.979,2025-11-21,1060059.0,12.96,12.96,DI1N29,12.96,2029-07-02,109361.0
14.552,2025-11-21,282480.0,14.54,14.54,DI1M26,14.54,2026-06-01,15135.0
12.915,2025-11-21,3369284.0,12.89,12.89,DI1F28,12.89,2028-01-03,341331.0
13.332,2025-11-21,50412.0,,13.332,DI1F38,,2038-01-04,
13.135,2025-11-21,72301.0,13.12,13.12,DI1N30,13.12,2030-07-01,139.0
12.875,2025-11-21,132801.0,12.87,12.87,DI1V28,12.87,2028-10-02,1565.0
14.422,2025-11-21,3032999.0,14.415,14.415,DI1N26,14.415,2026-07-01,240207.0
14.14,2025-11-21,204527.0,14.14,14.14,DI1U26,14.14,2026-09-01,22899.0
14.891,2025-11-21,469210.0,14.894,14.894,DI1G26,14.894,2026-02-02,12582.0
14.848,2025-11-21,314227.0,14.845,14.845,DI1H26,14.845,2026-03-02,8626.0
14.689,2025-11-21,265091.0,14.68,14.68,DI1K26,14.68,2026-05-04,3256.0
14.897,2025-11-21,4623409.0,14.895,14.895,DI1F26,14.895,2026-01-02,77412.0
13.41,2025-11-21,68265.0,13.4,13.4,DI1F36,13.4,2036-01-02,7.0
13.421,2025-11-21,275151.0,13.41,13.41,DI1F34,13.41,2034-01-02,263.0
12.855,2025-11-21,509465.0,12.84,12.84,DI1N28,12.84,2028-07-03,21741.0
13.165,2025-11-21,27267.0,13.14,13.14,DI1V30,13.14,2030-10-01,15.0
14.285,2025-11-21,93598.0,14.28,14.28,DI1Q26,14.28,2026-08-03,1579.0
,2025-11-21,,,,DI1D,,9999-12-31,
13.088,2025-11-22,42603.0,13.075,13.075,DI1J30,13.075,2030-04-01,9.0
13.015,2025-11-22,76717.0,13.01,13.01,DI1V29,13.01,2029-10-01,245.0
13.174,2025-11-22,1512307.0,13.15,13.15,DI1N27,13.15,2027-07-01,100406.0
13.634,2025-11-22,6075776.0,13.615,13.615,DI1F27,13.615,2027-01-04,471082.0
13.405,2025-11-22,57591.0,13.38,13.38,DI1F37,13.38,2037-01-02,21.0
13.433,2025-11-22,792057.0,13.42,13.42,DI1F35,13.42,2035-01-02,42169.0
13.389,2025-11-22,943080.0,13.365,13.365,DI1J27,13.365,2027-04-01,17806.0
12.87,2025-11-22,237202.0,12.85,12.85,DI1J28,12.85,2028-04-03,1265.0
13.116,2025-11-22,40108.0,13.105,13.105,DI1Q27,13.105,2027-08-02,242.0
13.028,2025-11-22,1128688.0,13.005,13.005,DI1V27,13.005,2027-10-01,34155.0
13.333,2025-11-22,1366327.0,13.315,13.315,DI1F32,13.315,2032-01-02,61400.0
13.055,2025-11-22,1208581.0,13.035,13.035,DI1F30,13.035,2030-01-02,50839.0
13.293,2025-11-22,50621.0,,13.293,DI1F40,,2040-01-02,
14.895,2025-11-22,1395766.0,14.9,14.9,DI1Z25,14.9,2025-12-01,20576.0
13.874,2025-11-22,57385.0,13.87,13.87,DI1X26,13.87,2026-11-03,1585.0
12.886,2025-11-22,3565285.0,12.865,12.865,DI1F29,12.865,2029-01-02,240125.0
13.3,2025-11-22,33599.0,,13.3,DI1F39,,2039-01-03,
14.78,2025-11-22,2175164.0,14.775,14.775,DI1J26,14.775,2026-04-01,158951.0
12.923,2025-11-22,85179.0,12.915,12.915,DI1J29,12.915,2029-04-02,235.0
14.007,2025-11-22,1049194.0,13.995,13.995,DI1V26,13.995,2026-10-01,92705.0
13.755,2025-11-22,95482.0,13.76,13.76,DI1Z26,13.76,2026-12-01,5771.0
13.387,2025-11-22,616158.0,13.385,13.385,DI1F33,13.385,2033-01-03,18632.0
13.203,2025-11-22,1778178.0,13.185,13.185,DI1F31,13.185,2031-01-02,163603.0
12.979,2025-11-22,1060059.0,12.96,12.96,DI1N29,12.96,2029-07-02,109361.0
14.552,2025-11-22,282480.0,14.54,14.54,DI1M26,14.54,2026-06-01,15135.0
12.915,2025-11-22,3369284.0,12.89,12.89,DI1F28,12.89,2028-01-03,341331.0
13.332,2025-11-22,50412.0,,13.332,DI1F38,,2038-01-04,
13.135,2025-11-22,72301.0,13.12,13.12,DI1N30,13.12,2030-07-01,139.0
12.875,2025-11-22,132801.0,12.87,12.87,DI1V28,12.87,2028-10-02,1565.0
14.422,2025-11-22,3032999.0,14.415,14.415,DI1N26,14.415,2026-07-01,240207.0
14.14,2025-11-22,204527.0,14.14,14.14,DI1U26,14.14,2026-09-01,22899.0
14.891,2025-11-22,469210.0,14.894,14.894,DI1G26,14.894,2026-02-02,12582.0
14.848,2025-11-22,314227.0,14.845,14.845,DI1H26,14.845,2026-03-02,8626.0
14.689,2025-11-22,265091.0,14.68,14.68,DI1K26,14.68,2026-05-04,3256.0
14.897,2025-11-22,4623409.0,14.895,14.895,DI1F26,14.895,2026-01-02,77412.0
13.41,2025-11-22,68265.0,13.4,13.4,DI1F36,13.4,2036-01-02,7.0
13.421,2025-11-22,275151.0,13.41,13.41,DI1F34,13.41,2034-01-02,263.0
12.855,2025-11-22,509465.0,12.84,12.84,DI1N28,12.84,2028-07-03,21741.0
13.165,2025-11-22,27267.0,13.14,13.14,DI1V30,13.14,2030-10-01,15.0
14.285,2025-11-22,93598.0,14.28,14.28,DI1Q26,14.28,2026-08-03,1579.0
,2025-11-22,,,,DI1D,,9999-12-31,
13.088,2025-11-23,42603.0,13.075,13.075,DI1J30,13.075,2030-04-01,9.0
13.015,2025-11-23,76717.0,13.01,13.01,DI1V29,13.01,2029-10-01,245.0
13.174,2025-11-23,1512307.0,13.15,13.15,DI1N27,13.15,2027-07-01,100406.0
13.634,2025-11-23,6075776.0,13.615,13.615,DI1F27,13.615,2027-01-04,471082.0
13.405,2025-11-23,57591.0,13.38,13.38,DI1F37,13.38,2037-01-02,21.0
13.433,2025-11-23,792057.0,13.42,13.42,DI1F35,13.42,2035-01-02,42169.0
13.389,2025-11-23,943080.0,13.365,13.365,DI1J27,13.365,2027-04-01,17806.0
12.87,2025-11-23,237202.0,12.85,12.85,DI1J28,12.85,2028-04-03,1265.0
13.116,2025-11-23,40108.0,13.105,13.105,DI1Q27,13.105,2027-08-02,242.0
13.028,2025-11-23,1128688.0,13.005,13.005,DI1V27,13.005,2027-10-01,34155.0
13.333,2025-11-23,1366327.0,13.315,13.315,DI1F32,13.315,2032-01-02,61400.0
13.055,2025-11-23,1208581.0,13.035,13.035,DI1F30,13.035,2030-01-02,50839.0
13.293,2025-11-23,50621.0,,13.293,DI1F40,,2040-01-02,
14.895,2025-11-23,1395766.0,14.9,14.9,DI1Z25,14.9,2025-12-01,20576.0
13.874,2025-11-23,57385.0,13.87,13.87,DI1X26,13.87,2026-11-03,1585.0
12.886,2025-11-23,3565285.0,12.865,12.865,DI1F29,12.865,2029-01-02,240125.0
13.3,2025-11-23,33599.0,,13.3,DI1F39,,2039-01-03,
14.78,2025-11-23,2175164.0,14.775,14.775,DI1J26,14.775,2026-04-01,158951.0
12.923,2025-11-23,85179.0,12.915,12.915,DI1J29,12.915,2029-04-02,235.0
14.007,2025-11-23,1049194.0,13.995,13.995,DI1V26,13.995,2026-10-01,92705.0
13.755,2025-11-23,95482.0,13.76,13.76,DI1Z26,13.76,2026-12-01,5771.0
13.387,2025-11-23,616158.0,13.385,13.385,DI1F33,13.385,2033-01-03,18632.0
13.203,2025-11-23,1778178.0,13.185,13.185,DI1F31,13.185,2031-01-02,163603.0
12.979,2025-11-23,1060059.0,12.96,12.96,DI1N29,12.96,2029-07-02,109361.0
14.552,2025-11-23,282480.0,14.54,14.54,DI1M26,14.54,2026-06-01,15135.0
12.915,2025-11-23,3369284.0,12.89,12.89,DI1F28,12.89,2028-01-03,341331.0
13.332,2025-11-23,50412.0,,13.332,DI1F38,,2038-01-04,
13.135,2025-11-23,72301.0,13.12,13.12,DI1N30,13.12,2030-07-01,139.0
12.875,2025-11-23,132801.0,12.87,12.87,DI1V28,12.87,2028-10-02,1565.0
14.422,2025-11-23,3032999.0,14.415,14.415,DI1N26,14.415,2026-07-01,240207.0
14.14,2025-11-23,204527.0,14.14,14.14,DI1U26,14.14,2026-09-01,22899.0
14.891,2025-11-23,469210.0,14.894,14.894,DI1G26,14.894,2026-02-02,12582.0
14.848,2025-11-23,314227.0,14.845,14.845,DI1H26,14.845,2026-03-02,8626.0
14.689,2025-11-23,265091.0,14.68,14.68,DI1K26,14.68,2026-05-04,3256.0
14.897,2025-11-23,4623409.0,14.895,14.895,DI1F26,14.895,2026-01-02,77412.0
13.41,2025-11-23,68265.0,13.4,13.4,DI1F36,13.4,2036-01-02,7.0
13.421,2025-11-23,275151.0,13.41,13.41,DI1F34,13.41,2034-01-02,263.0
12.855,2025-11-23,509465.0,12.84,12.84,DI1N28,12.84,2028-07-03,21741.0
13.165,2025-11-23,27267.0,13.14,13.14,DI1V30,13.14,2030-10-01,15.0
14.285,2025-11-23,93598.0,14.28,14.28,DI1Q26,14.28,2026-08-03,1579.0
,2025-11-23,,,,DI1D,,9999-12-31,
13.013,2025-11-24,42612.0,13.025,13.025,DI1J30,13.025,2030-04-01,3.0
12.936,2025-11-24,76762.0,12.935,12.935,DI1V29,12.935,2029-10-01,75.0
13.081,2025-11-24,1523842.0,13.065,13.065,DI1N27,13.065,2027-07-01,150969.0
13.557,2025-11-24,6099756.0,13.55,13.55,DI1F27,13.55,2027-01-04,530549.0
13.364,2025-11-24,57591.0,13.36,13.36,DI1F37,13.36,2037-01-02,296.0
13.386,2025-11-24,789039.0,13.38,13.38,DI1F35,13.38,2035-01-02,94642.0
13.298,2025-11-24,944771.0,13.295,13.295,DI1J27,13.295,2027-04-01,160314.0
12.775,2025-11-24,237113.0,12.765,12.765,DI1J28,12.765,2028-04-03,1976.0
13.022,2025-11-24,40055.0,13.0,13.0,DI1Q27,13.0,2027-08-02,50.0
12.928,2025-11-24,1117514.0,12.93,12.93,DI1V27,12.93,2027-10-01,73219.0
13.269,2025-11-24,1368812.0,13.265,13.265,DI1F32,13.265,2032-01-02,118388.0
12.98,2025-11-24,1209633.0,12.98,12.98,DI1F30,12.98,2030-01-02,61684.0
13.238,2025-11-24,50621.0,,13.238,DI1F40,,2040-01-02,
14.895,2025-11-24,1398332.0,14.895,14.895,DI1Z25,14.895,2025-12-01,134974.0
13.809,2025-11-24,58099.0,13.81,13.81,DI1X26,13.81,2026-11-03,556.0
12.802,2025-11-24,3523381.0,12.8,12.8,DI1F29,12.8,2029-01-02,276543.0
13.245,2025-11-24,33599.0,,13.245,DI1F39,,2039-01-03,
14.763,2025-11-24,2190804.0,14.755,14.755,DI1J26,14.755,2026-04-01,211816.0
12.843,2025-11-24,85118.0,12.845,12.845,DI1J29,12.845,2029-04-02,324.0
13.945,2025-11-24,1073940.0,13.93,13.93,DI1V26,13.93,2026-10-01,71513.0
13.686,2025-11-24,97628.0,13.67,13.67,DI1Z26,13.67,2026-12-01,15023.0
13.331,2025-11-24,616083.0,13.33,13.33,DI1F33,13.33,2033-01-03,28947.0
13.131,2025-11-24,1804486.0,13.13,13.13,DI1F31,13.13,2031-01-02,239993.0
12.897,2025-11-24,1069306.0,12.9,12.9,DI1N29,12.9,2029-07-02,126652.0
14.523,2025-11-24,293640.0,14.52,14.52,DI1M26,14.52,2026-06-01,1896.0
12.819,2025-11-24,3390678.0,12.815,12.815,DI1F28,12.815,2028-01-03,386345.0
13.295,2025-11-24,50412.0,13.275,13.275,DI1F38,13.275,2038-01-04,66.0
13.062,2025-11-24,72314.0,13.07,13.07,DI1N30,13.07,2030-07-01,277.0
12.788,2025-11-24,133512.0,12.785,12.785,DI1V28,12.785,2028-10-02,40.0
14.383,2025-11-24,3066743.0,14.365,14.365,DI1N26,14.365,2026-07-01,341216.0
14.091,2025-11-24,195334.0,14.095,14.095,DI1U26,14.095,2026-09-01,6170.0
14.892,2025-11-24,470047.0,14.894,14.894,DI1G26,14.894,2026-02-02,165640.0
14.84,2025-11-24,320502.0,14.845,14.845,DI1H26,14.845,2026-03-02,2085.0
14.665,2025-11-24,266432.0,14.655,14.655,DI1K26,14.655,2026-05-04,9826.0
14.897,2025-11-24,4629503.0,14.896,14.896,DI1F26,14.896,2026-01-02,128144.0
13.356,2025-11-24,68265.0,13.355,13.355,DI1F36,13.355,2036-01-02,298.0
13.364,2025-11-24,275250.0,13.36,13.36,DI1F34,13.36,2034-01-02,837.0
12.764,2025-11-24,507480.0,12.765,12.765,DI1N28,12.765,2028-07-03,18031.0
13.091,2025-11-24,27267.0,,13.091,DI1V30,,2030-10-01,
14.24,2025-11-24,93429.0,14.24,14.24,DI1Q26,14.24,2026-08-03,242.0
,2025-11-24,,,,DI1D,,9999-12-31,
13.643,2025-11-25,103564.0,13.645,13.645,DI1Z26,13.645,2026-12-01,3331.0
12.968,2025-11-25,42610.0,12.955,12.955,DI1J30,12.955,2030-04-01,169.0
12.882,2025-11-25,76761.0,12.875,12.875,DI1V29,12.875,2029-10-01,634.0
13.014,2025-11-25,1540273.0,13.0,13.0,DI1N27,13.0,2027-07-01,287955.0
13.303,2025-11-25,620347.0,13.29,13.29,DI1F33,13.29,2033-01-03,31170.0
13.099,2025-11-25,1819627.0,13.085,13.085,DI1F31,13.085,2031-01-02,210878.0
12.842,2025-11-25,1082620.0,12.835,12.835,DI1N29,12.835,2029-07-02,121330.0
13.509,2025-11-25,6183284.0,13.505,13.505,DI1F27,13.505,2027-01-04,641355.0
13.333,2025-11-25,57591.0,13.335,13.335,DI1F37,13.335,2037-01-02,305.0
14.502,2025-11-25,293663.0,14.495,14.495,DI1M26,14.495,2026-06-01,3937.0
13.357,2025-11-25,789509.0,13.345,13.345,DI1F35,13.345,2035-01-02,42199.0
12.71,2025-11-25,237234.0,12.7,12.7,DI1J28,12.7,2028-04-03,3249.0
13.243,2025-11-25,1072970.0,13.23,13.23,DI1J27,13.23,2027-04-01,178574.0
12.954,2025-11-25,40055.0,12.96,12.96,DI1Q27,12.96,2027-08-02,65.0
12.862,2025-11-25,1094144.0,12.855,12.855,DI1V27,12.855,2027-10-01,24735.0
12.754,2025-11-25,3336488.0,12.745,12.745,DI1F28,12.745,2028-01-03,580395.0
13.275,2025-11-25,50412.0,13.25,13.25,DI1F38,13.25,2038-01-04,178.0
13.017,2025-11-25,72457.0,13.01,13.01,DI1N30,13.01,2030-07-01,391.0
12.725,2025-11-25,133515.0,12.715,12.715,DI1V28,12.715,2028-10-02,2318.0
14.363,2025-11-25,3143670.0,14.36,14.36,DI1N26,14.36,2026-07-01,589514.0
13.237,2025-11-25,1371678.0,13.23,13.23,DI1F32,13.23,2032-01-02,57792.0
14.062,2025-11-25,191277.0,14.05,14.05,DI1U26,14.05,2026-09-01,3229.0
14.888,2025-11-25,385960.0,14.888,14.888,DI1G26,14.888,2026-02-02,25243.0
12.93,2025-11-25,1218045.0,12.925,12.925,DI1F30,12.925,2030-01-02,69673.0
13.21,2025-11-25,50621.0,,13.21,DI1F40,,2040-01-02,
14.836,2025-11-25,319758.0,14.83,14.83,DI1H26,14.83,2026-03-02,79270.0
14.899,2025-11-25,1298253.0,14.9,14.9,DI1Z25,14.9,2025-12-01,10831.0
14.651,2025-11-25,261389.0,14.645,14.645,DI1K26,14.645,2026-05-04,7753.0
14.894,2025-11-25,4678805.0,14.893,14.893,DI1F26,14.893,2026-01-02,603012.0
13.328,2025-11-25,68105.0,13.32,13.32,DI1F36,13.32,2036-01-02,307.0
13.334,2025-11-25,275126.0,13.32,13.32,DI1F34,13.32,2034-01-02,524.0
12.701,2025-11-25,508188.0,12.7,12.7,DI1N28,12.7,2028-07-03,21603.0
13.05,2025-11-25,27267.0,13.05,13.05,DI1V30,13.05,2030-10-01,308.0
14.214,2025-11-25,93229.0,14.21,14.21,DI1Q26,14.21,2026-08-03,1851.0
13.768,2025-11-25,58599.0,13.76,13.76,DI1X26,13.76,2026-11-03,2522.0
12.74,2025-11-25,3502337.0,12.735,12.735,DI1F29,12.735,2029-01-02,376936.0
13.217,2025-11-25,33599.0,,13.217,DI1F39,,2039-01-03,
14.753,2025-11-25,2231309.0,14.745,14.745,DI1J26,14.745,2026-04-01,248796.0
12.783,2025-11-25,85241.0,12.78,12.78,DI1J29,12.78,2029-04-02,529.0
13.911,2025-11-25,1081492.0,13.91,13.91,DI1V26,13.91,2026-10-01,147885.0
,2025-11-25,,,,DI1D,,9999-12-31,
13.657,2025-11-26,102994.0,13.635,13.635,DI1Z26,13.635,2026-12-01,7455.0
12.906,2025-11-26,42598.0,,12.906,DI1J30,,2030-04-01,
12.838,2025-11-26,76688.0,12.83,12.83,DI1V29,12.83,2029-10-01,152.0
13.019,2025-11-26,1555228.0,13.0,13.0,DI1N27,13.0,2027-07-01,146349.0
13.215,2025-11-26,621512.0,13.21,13.21,DI1F33,13.21,2033-01-03,37054.0
13.024,2025-11-26,1839358.0,13.015,13.015,DI1F31,13.015,2031-01-02,308565.0
12.801,2025-11-26,1102208.0,12.79,12.79,DI1N29,12.79,2029-07-02,108313.0
13.523,2025-11-26,6222731.0,13.51,13.51,DI1F27,13.51,2027-01-04,563747.0
13.239,2025-11-26,57638.0,13.24,13.24,DI1F37,13.24,2037-01-02,6.0
14.515,2025-11-26,297299.0,14.515,14.515,DI1M26,14.515,2026-06-01,3370.0
13.265,2025-11-26,781459.0,13.265,13.265,DI1F35,13.265,2035-01-02,79293.0
12.703,2025-11-26,242093.0,12.685,12.685,DI1J28,12.685,2028-04-03,1514.0
13.249,2025-11-26,1210125.0,13.24,13.24,DI1J27,13.24,2027-04-01,25573.0
12.959,2025-11-26,40030.0,12.955,12.955,DI1Q27,12.955,2027-08-02,420.0
12.866,2025-11-26,1089479.0,12.845,12.845,DI1V27,12.845,2027-10-01,31898.0
12.753,2025-11-26,3317181.0,12.745,12.745,DI1F28,12.745,2028-01-03,415322.0
13.175,2025-11-26,50413.0,13.175,13.175,DI1F38,13.175,2038-01-04,50.0
12.953,2025-11-26,72464.0,12.95,12.95,DI1N30,12.95,2030-07-01,816.0
12.701,2025-11-26,134116.0,12.69,12.69,DI1V28,12.69,2028-10-02,243.0
14.379,2025-11-26,3086665.0,14.37,14.37,DI1N26,14.37,2026-07-01,648482.0
13.162,2025-11-26,1371001.0,13.15,13.15,DI1F32,13.15,2032-01-02,66907.0
14.08,2025-11-26,191478.0,14.065,14.065,DI1U26,14.065,2026-09-01,31834.0
14.89,2025-11-26,376949.0,14.889,14.889,DI1G26,14.889,2026-02-02,49364.0
12.877,2025-11-26,1225911.0,12.865,12.865,DI1F30,12.865,2030-01-02,64319.0
13.117,2025-11-26,50621.0,,13.117,DI1F40,,2040-01-02,
14.838,2025-11-26,352662.0,14.835,14.835,DI1H26,14.835,2026-03-02,30383.0
14.897,2025-11-26,1296118.0,14.895,14.895,DI1Z25,14.895,2025-12-01,152832.0
14.66,2025-11-26,258607.0,14.655,14.655,DI1K26,14.655,2026-05-04,3337.0
14.894,2025-11-26,4506556.0,14.892,14.892,DI1F26,14.892,2026-01-02,455610.0
13.239,2025-11-26,68305.0,13.23,13.23,DI1F36,13.23,2036-01-02,79.0
13.247,2025-11-26,275152.0,13.25,13.25,DI1F34,13.25,2034-01-02,1179.0
12.681,2025-11-26,510430.0,12.68,12.68,DI1N28,12.68,2028-07-03,23226.0
12.982,2025-11-26,27245.0,12.97,12.97,DI1V30,12.97,2030-10-01,360.0
14.229,2025-11-26,94077.0,14.22,14.22,DI1Q26,14.22,2026-08-03,2043.0
13.78,2025-11-26,59469.0,13.76,13.76,DI1X26,13.76,2026-11-03,2035.0
12.71,2025-11-26,3462279.0,12.705,12.705,DI1F29,12.705,2029-01-02,399489.0
13.124,2025-11-26,33599.0,,13.124,DI1F39,,2039-01-03,
14.759,2025-11-26,2201360.0,14.755,14.755,DI1J26,14.755,2026-04-01,239249.0
12.749,2025-11-26,85389.0,12.74,12.74,DI1J29,12.74,2029-04-02,1343.0
13.928,2025-11-26,1114639.0,13.915,13.915,DI1V26,13.915,2026-10-01,123325.0
,2025-11-26,,,,DI1D,,9999-12-31,
13.675,2025-11-27,105836.0,13.685,13.685,DI1Z26,13.685,2026-12-01,19272.0
12.89,2025-11-27,42598.0,12.905,12.905,DI1J30,12.905,2030-04-01,165.0
12.823,2025-11-27,76683.0,12.835,12.835,DI1V29,12.835,2029-10-01,220.0
13.044,2025-11-27,1576662.0,13.05,13.05,DI1N27,13.05,2027-07-01,109602.0
13.175,2025-11-27,640234.0,13.19,13.19,DI1F33,13.19,2033-01-03,43622.0
12.997,2025-11-27,1852502.0,13.01,13.01,DI1F31,13.01,2031-01-02,303674.0
12.792,2025-11-27,1101864.0,12.805,12.805,DI1N29,12.805,2029-07-02,107220.0
13.542,2025-11-27,6050097.0,13.55,13.55,DI1F27,13.55,2027-01-04,561724.0
13.19,2025-11-27,57638.0,13.22,13.22,DI1F37,13.22,2037-01-02,199.0
14.527,2025-11-27,294599.0,14.53,14.53,DI1M26,14.53,2026-06-01,3441.0
13.213,2025-11-27,777156.0,13.24,13.24,DI1F35,13.24,2035-01-02,71732.0
12.72,2025-11-27,242582.0,12.73,12.73,DI1J28,12.73,2028-04-03,2636.0
13.274,2025-11-27,1208323.0,13.28,13.28,DI1J27,13.28,2027-04-01,55226.0
12.983,2025-11-27,40450.0,12.995,12.995,DI1Q27,12.995,2027-08-02,1412.0
12.887,2025-11-27,1087864.0,12.895,12.895,DI1V27,12.895,2027-10-01,201250.0
12.773,2025-11-27,3318731.0,12.78,12.78,DI1F28,12.78,2028-01-03,588938.0
13.118,2025-11-27,50414.0,13.155,13.155,DI1F38,13.155,2038-01-04,223.0
12.931,2025-11-27,72434.0,12.945,12.945,DI1N30,12.945,2030-07-01,1387.0
12.71,2025-11-27,134252.0,12.71,12.71,DI1V28,12.71,2028-10-02,1114.0
14.389,2025-11-27,3160689.0,14.39,14.39,DI1N26,14.39,2026-07-01,283281.0
13.135,2025-11-27,1369317.0,13.14,13.14,DI1F32,13.14,2032-01-02,105738.0
14.09,2025-11-27,211637.0,14.1,14.1,DI1U26,14.1,2026-09-01,1994.0
14.894,2025-11-27,393833.0,14.893,14.893,DI1G26,14.893,2026-02-02,52932.0
12.856,2025-11-27,1226561.0,12.87,12.87,DI1F30,12.87,2030-01-02,109281.0
13.073,2025-11-27,50621.0,13.1,13.1,DI1F40,13.1,2040-01-02,4.0
14.845,2025-11-27,364565.0,14.845,14.845,DI1H26,14.845,2026-03-02,45469.0
14.898,2025-11-27,1214949.0,14.9,14.9,DI1Z25,14.9,2025-12-01,77524.0
14.673,2025-11-27,257773.0,14.675,14.675,DI1K26,14.675,2026-05-04,13582.0
14.896,2025-11-27,4459450.0,14.894,14.894,DI1F26,14.894,2026-01-02,132762.0
13.19,2025-11-27,68305.0,13.215,13.215,DI1F36,13.215,2036-01-02,118.0
13.2,2025-11-27,275277.0,13.22,13.22,DI1F34,13.22,2034-01-02,945.0
12.698,2025-11-27,502755.0,12.7,12.7,DI1N28,12.7,2028-07-03,31723.0
12.955,2025-11-27,27309.0,12.94,12.94,DI1V30,12.94,2030-10-01,574.0
14.24,2025-11-27,93041.0,14.245,14.245,DI1Q26,14.245,2026-08-03,2154.0
13.798,2025-11-27,59702.0,13.81,13.81,DI1X26,13.81,2026-11-03,8535.0
12.713,2025-11-27,3463326.0,12.72,12.72,DI1F29,12.72,2029-01-02,509413.0
13.08,2025-11-27,33599.0,13.19,13.19,DI1F39,13.19,2039-01-03,12.0
14.771,2025-11-27,2090723.0,14.775,14.775,DI1J26,14.775,2026-04-01,207367.0
12.745,2025-11-27,85757.0,12.755,12.755,DI1J29,12.755,2029-04-02,894.0
13.94,2025-11-27,1133030.0,13.95,13.95,DI1V26,13.95,2026-10-01,77907.0
,2025-11-27,,,,DI1D,,9999-12-31,
13.712,2025-11-28,108656.0,13.715,13.715,DI1Z26,13.715,2026-12-01,5429.0
12.884,2025-11-28,42654.0,12.885,12.885,DI1J30,12.885,2030-04-01,74.0
12.826,2025-11-28,76698.0,12.85,12.85,DI1V29,12.85,2029-10-01,157.0
13.081,2025-11-28,1578769.0,13.09,13.09,DI1N27,13.09,2027-07-01,65955.0
13.142,2025-11-28,648896.0,13.155,13.155,DI1F33,13.155,2033-01-03,21096.0
12.98,2025-11-28,1857638.0,12.99,12.99,DI1F31,12.99,2031-01-02,266409.0
12.796,2025-11-28,1108877.0,12.81,12.81,DI1N29,12.81,2029-07-02,56057.0
13.577,2025-11-28,6105425.0,13.59,13.59,DI1F27,13.59,2027-01-04,465393.0
13.147,2025-11-28,57332.0,,13.147,DI1F37,,2037-01-02,
14.536,2025-11-28,293799.0,14.545,14.545,DI1M26,14.545,2026-06-01,2781.0
13.179,2025-11-28,778622.0,13.195,13.195,DI1F35,13.195,2035-01-02,30571.0
12.746,2025-11-28,243343.0,12.76,12.76,DI1J28,12.76,2028-04-03,1756.0
13.311,2025-11-28,1215751.0,13.315,13.315,DI1J27,13.315,2027-04-01,29328.0
13.02,2025-11-28,40892.0,13.03,13.03,DI1Q27,13.03,2027-08-02,149.0
12.922,2025-11-28,1089841.0,12.93,12.93,DI1V27,12.93,2027-10-01,138866.0
12.803,2025-11-28,3394181.0,12.81,12.81,DI1F28,12.81,2028-01-03,331742.0
13.072,2025-11-28,50213.0,13.065,13.065,DI1F38,13.065,2038-01-04,195.0
12.923,2025-11-28,72592.0,12.935,12.935,DI1N30,12.935,2030-07-01,996.0
12.728,2025-11-28,134483.0,12.75,12.75,DI1V28,12.75,2028-10-02,811.0
14.402,2025-11-28,3138422.0,14.4,14.4,DI1N26,14.4,2026-07-01,296882.0
13.097,2025-11-28,1393732.0,13.115,13.115,DI1F32,13.115,2032-01-02,43616.0
14.116,2025-11-28,212987.0,14.125,14.125,DI1U26,14.125,2026-09-01,1708.0
14.892,2025-11-28,403867.0,14.893,14.893,DI1G26,14.893,2026-02-02,13777.0
12.859,2025-11-28,1245294.0,12.88,12.88,DI1F30,12.88,2030-01-02,90027.0
13.027,2025-11-28,50625.0,,13.027,DI1F40,,2040-01-02,
14.843,2025-11-28,359954.0,14.845,14.845,DI1H26,14.845,2026-03-02,91392.0
14.9,2025-11-28,1191760.0,14.9,14.9,DI1Z25,14.9,2025-12-01,6352.0
14.678,2025-11-28,257355.0,14.68,14.68,DI1K26,14.68,2026-05-04,3797.0
14.895,2025-11-28,4485238.0,14.894,14.894,DI1F26,14.894,2026-01-02,121374.0
13.151,2025-11-28,68286.0,13.18,13.18,DI1F36,13.18,2036-01-02,27.0
13.166,2025-11-28,274961.0,13.17,13.17,DI1F34,13.17,2034-01-02,81.0
12.719,2025-11-28,503535.0,12.725,12.725,DI1N28,12.725,2028-07-03,15414.0
12.945,2025-11-28,25821.0,12.945,12.945,DI1V30,12.945,2030-10-01,122.0
14.262,2025-11-28,94673.0,14.26,14.26,DI1Q26,14.26,2026-08-03,906.0
13.83,2025-11-28,61372.0,13.83,13.83,DI1X26,13.83,2026-11-03,5153.0
12.725,2025-11-28,3478147.0,12.74,12.74,DI1F29,12.74,2029-01-02,300810.0
13.034,2025-11-28,33607.0,,13.034,DI1F39,,2039-01-03,
14.772,2025-11-28,2075524.0,14.77,14.77,DI1J26,14.77,2026-04-01,213001.0
12.755,2025-11-28,86176.0,12.76,12.76,DI1J29,12.76,2029-04-02,364.0
13.972,2025-11-28,1133965.0,13.97,13.97,DI1V26,13.97,2026-10-01,50833.0
,2025-11-28,,,,DI1D,,9999-12-31,
13.712,2025-11-29,108656.0,13.715,13.715,DI1Z26,13.715,2026-12-01,5429.0
12.884,2025-11-29,42654.0,12.885,12.885,DI1J30,12.885,2030-04-01,74.0
12.826,2025-11-29,76698.0,12.85,12.85,DI1V29,12.85,2029-10-01,157.0
13.081,2025-11-29,1578769.0,13.09,13.09,DI1N27,13.09,2027-07-01,65955.0
13.142,2025-11-29,648896.0,13.155,13.155,DI1F33,13.155,2033-01-03,21096.0
12.98,2025-11-29,1857638.0,12.99,12.99,DI1F31,12.99,2031-01-02,266409.0
12.796,2025-11-29,1108877.0,12.81,12.81,DI1N29,12.81,2029-07-02,56057.0
13.577,2025-11-29,6105425.0,13.59,13.59,DI1F27,13.59,2027-01-04,465393.0
13.147,2025-11-29,57332.0,,13.147,DI1F37,,2037-01-02,
14.536,2025-11-29,293799.0,14.545,14.545,DI1M26,14.545,2026-06-01,2781.0
13.179,2025-11-29,778622.0,13.195,13.195,DI1F35,13.195,2035-01-02,30571.0
12.746,2025-11-29,243343.0,12.76,12.76,DI1J28,12.76,2028-04-03,1756.0
13.311,2025-11-29,1215751.0,13.315,13.315,DI1J27,13.315,2027-04-01,29328.0
13.02,2025-11-29,40892.0,13.03,13.03,DI1Q27,13.03,2027-08-02,149.0
12.922,2025-11-29,1089841.0,12.93,12.93,DI1V27,12.93,2027-10-01,138866.0
12.803,2025-11-29,3394181.0,12.81,12.81,DI1F28,12.81,2028-01-03,331742.0
13.072,2025-11-29,50213.0,13.065,13.065,DI1F38,13.065,2038-01-04,195.0
12.923,2025-11-29,72592.0,12.935,12.935,DI1N30,12.935,2030-07-01,996.0
12.728,2025-11-29,134483.0,12.75,12.75,DI1V28,12.75,2028-10-02,811.0
14.402,2025-11-29,3138422.0,14.4,14.4,DI1N26,14.4,2026-07-01,296882.0
13.097,2025-11-29,1393732.0,13.115,13.115,DI1F32,13.115,2032-01-02,43616.0
14.116,2025-11-29,212987.0,14.125,14.125,DI1U26,14.125,2026-09-01,1708.0
14.892,2025-11-29,403867.0,14.893,14.893,DI1G26,14.893,2026-02-02,13777.0
12.859,2025-11-29,1245294.0,12.88,12.88,DI1F30,12.88,2030-01-02,90027.0
13.027,2025-11-29,50625.0,,13.027,DI1F40,,2040-01-02,
14.843,2025-11-29,359954.0,14.845,14.845,DI1H26,14.845,2026-03-02,91392.0
14.9,2025-11-29,1191760.0,14.9,14.9,DI1Z25,14.9,2025-12-01,6352.0
14.678,2025-11-29,257355.0,14.68,14.68,DI1K26,14.68,2026-05-04,3797.0
14.895,2025-11-29,4485238.0,14.894,14.894,DI1F26,14.894,2026-01-02,121374.0
13.151,2025-11-29,68286.0,13.18,13.18,DI1F36,13.18,2036-01-02,27.0
13.166,2025-11-29,274961.0,13.17,13.17,DI1F34,13.17,2034-01-02,81.0
12.719,2025-11-29,503535.0,12.725,12.725,DI1N28,12.725,2028-07-03,15414.0
12.945,2025-11-29,25821.0,12.945,12.945,DI1V30,12.945,2030-10-01,122.0
14.262,2025-11-29,94673.0,14.26,14.26,DI1Q26,14.26,2026-08-03,906.0
13.83,2025-11-29,61372.0,13.83,13.83,DI1X26,13.83,2026-11-03,5153.0
12.725,2025-11-29,3478147.0,12.74,12.74,DI1F29,12.74,2029-01-02,300810.0
13.034,2025-11-29,33607.0,,13.034,DI1F39,,2039-01-03,
14.772,2025-11-29,2075524.0,14.77,14.77,DI1J26,14.77,2026-04-01,213001.0
12.755,2025-11-29,86176.0,12.76,12.76,DI1J29,12.76,2029-04-02,364.0
13.972,2025-11-29,1133965.0,13.97,13.97,DI1V26,13.97,2026-10-01,50833.0
,2025-11-29,,,,DI1D,,9999-12-31,
13.712,2025-11-30,108656.0,13.715,13.715,DI1Z26,13.715,2026-12-01,5429.0
12.884,2025-11-30,42654.0,12.885,12.885,DI1J30,12.885,2030-04-01,74.0
12.826,2025-11-30,76698.0,12.85,12.85,DI1V29,12.85,2029-10-01,157.0
13.081,2025-11-30,1578769.0,13.09,13.09,DI1N27,13.09,2027-07-01,65955.0
13.142,2025-11-30,648896.0,13.155,13.155,DI1F33,13.155,2033-01-03,21096.0
12.98,2025-11-30,1857638.0,12.99,12.99,DI1F31,12.99,2031-01-02,266409.0
12.796,2025-11-30,1108877.0,12.81,12.81,DI1N29,12.81,2029-07-02,56057.0
13.577,2025-11-30,6105425.0,13.59,13.59,DI1F27,13.59,2027-01-04,465393.0
13.147,2025-11-30,57332.0,,13.147,DI1F37,,2037-01-02,
14.536,2025-11-30,293799.0,14.545,14.545,DI1M26,14.545,2026-06-01,2781.0
13.179,2025-11-30,778622.0,13.195,13.195,DI1F35,13.195,2035-01-02,30571.0
12.746,2025-11-30,243343.0,12.76,12.76,DI1J28,12.76,2028-04-03,1756.0
13.311,2025-11-30,1215751.0,13.315,13.315,DI1J27,13.315,2027-04-01,29328.0
13.02,2025-11-30,40892.0,13.03,13.03,DI1Q27,13.03,2027-08-02,149.0
12.922,2025-11-30,1089841.0,12.93,12.93,DI1V27,12.93,2027-10-01,138866.0
12.803,2025-11-30,3394181.0,12.81,12.81,DI1F28,12.81,2028-01-03,331742.0
13.072,2025-11-30,50213.0,13.065,13.065,DI1F38,13.065,2038-01-04,195.0
12.923,2025-11-30,72592.0,12.935,12.935,DI1N30,12.935,2030-07-01,996.0
12.728,2025-11-30,134483.0,12.75,12.75,DI1V28,12.75,2028-10-02,811.0
14.402,2025-11-30,3138422.0,14.4,14.4,DI1N26,14.4,2026-07-01,296882.0
13.097,2025-11-30,1393732.0,13.115,13.115,DI1F32,13.115,2032-01-02,43616.0
14.116,2025-11-30,212987.0,14.125,14.125,DI1U26,14.125,2026-09-01,1708.0
14.892,2025-11-30,403867.0,14.893,14.893,DI1G26,14.893,2026-02-02,13777.0
12.859,2025-11-30,1245294.0,12.88,12.88,DI1F30,12.88,2030-01-02,90027.0
13.027,2025-11-30,50625.0,,13.027,DI1F40,,2040-01-02,
14.843,2025-11-30,359954.0,14.845,14.845,DI1H26,14.845,2026-03-02,91392.0
14.9,2025-11-30,1191760.0,14.9,14.9,DI1Z25,14.9,2025-12-01,6352.0
14.678,2025-11-30,257355.0,14.68,14.68,DI1K26,14.68,2026-05-04,3797.0
14.895,2025-11-30,4485238.0,14.894,14.894,DI1F26,14.894,2026-01-02,121374.0
13.151,2025-11-30,68286.0,13.18,13.18,DI1F36,13.18,2036-01-02,27.0
13.166,2025-11-30,274961.0,13.17,13.17,DI1F34,13.17,2034-01-02,81.0
12.719,2025-11-30,503535.0,12.725,12.725,DI1N28,12.725,2028-07-03,15414.0
12.945,2025-11-30,25821.0,12.945,12.945,DI1V30,12.945,2030-10-01,122.0
14.262,2025-11-30,94673.0,14.26,14.26,DI1Q26,14.26,2026-08-03,906.0
13.83,2025-11-30,61372.0,13.83,13.83,DI1X26,13.83,2026-11-03,5153.0
12.725,2025-11-30,3478147.0,12.74,12.74,DI1F29,12.74,2029-01-02,300810.0
13.034,2025-11-30,33607.0,,13.034,DI1F39,,2039-01-03,
14.772,2025-11-30,2075524.0,14.77,14.77,DI1J26,14.77,2026-04-01,213001.0
12.755,2025-11-30,86176.0,12.76,12.76,DI1J29,12.76,2029-04-02,364.0
13.972,2025-11-30,1133965.0,13.97,13.97,DI1V26,13.97,2026-10-01,50833.0
,2025-11-30,,,,DI1D,,9999-12-31,
13.724,2025-12-03,114991.0,13.735,13.735,DI1Z26,13.735,2026-12-01,23314.0
12.836,2025-12-03,42620.0,12.855,12.855,DI1J30,12.855,2030-04-01,28.0
12.784,2025-12-03,76624.0,12.81,12.81,DI1V29,12.81,2029-10-01,149.0
13.087,2025-12-03,1552010.0,13.1,13.1,DI1N27,13.1,2027-07-01,94756.0
13.045,2025-12-03,660346.0,13.065,13.065,DI1F33,13.065,2033-01-03,40420.0
12.917,2025-12-03,1925445.0,12.935,12.935,DI1F31,12.935,2031-01-02,210680.0
12.76,2025-12-03,1120899.0,12.78,12.78,DI1N29,12.78,2029-07-02,196269.0
13.596,2025-12-03,6015210.0,13.605,13.605,DI1F27,13.605,2027-01-04,651658.0
13.021,2025-12-03,61444.0,13.04,13.04,DI1F37,13.04,2037-01-02,506.0
14.535,2025-12-03,299338.0,14.525,14.525,DI1M26,14.525,2026-06-01,7567.0
13.057,2025-12-03,773647.0,13.07,13.07,DI1F35,13.07,2035-01-02,27585.0
12.723,2025-12-03,243237.0,12.74,12.74,DI1J28,12.74,2028-04-03,1498.0
13.324,2025-12-03,1204612.0,13.33,13.33,DI1J27,13.33,2027-04-01,38564.0
13.019,2025-12-03,40816.0,,13.019,DI1Q27,,2027-08-02,
12.914,2025-12-03,1103010.0,12.925,12.925,DI1V27,12.925,2027-10-01,46142.0
12.783,2025-12-03,3343293.0,12.8,12.8,DI1F28,12.8,2028-01-03,408441.0
12.947,2025-12-03,50307.0,,12.947,DI1F38,,2038-01-04,
12.869,2025-12-03,73427.0,12.89,12.89,DI1N30,12.89,2030-07-01,413.0
12.698,2025-12-03,135542.0,12.715,12.715,DI1V28,12.715,2028-10-02,167.0
14.403,2025-12-03,3072319.0,14.405,14.405,DI1N26,14.405,2026-07-01,298954.0
13.015,2025-12-03,1396738.0,13.035,13.035,DI1F32,13.035,2032-01-02,157900.0
14.12,2025-12-03,212794.0,14.125,14.125,DI1U26,14.125,2026-09-01,6712.0
14.892,2025-12-03,449168.0,14.891,14.891,DI1G26,14.891,2026-02-02,10144.0
12.815,2025-12-03,1237352.0,12.835,12.835,DI1F30,12.835,2030-01-02,81604.0
12.901,2025-12-03,50625.0,,12.901,DI1F40,,2040-01-02,
14.84,2025-12-03,385690.0,14.839,14.839,DI1H26,14.839,2026-03-02,62844.0
14.67,2025-12-03,263848.0,14.67,14.67,DI1K26,14.67,2026-05-04,7297.0
14.895,2025-12-03,4218718.0,14.896,14.896,DI1F26,14.896,2026-01-02,166852.0
13.023,2025-12-03,68271.0,13.035,13.035,DI1F36,13.035,2036-01-02,45.0
13.051,2025-12-03,275241.0,13.07,13.07,DI1F34,13.07,2034-01-02,196.0
12.694,2025-12-03,503239.0,12.7,12.7,DI1N28,12.7,2028-07-03,22970.0
12.886,2025-12-03,26246.0,12.895,12.895,DI1V30,12.895,2030-10-01,55.0
14.265,2025-12-03,97955.0,14.26,14.26,DI1Q26,14.26,2026-08-03,3737.0
13.84,2025-12-03,62915.0,13.835,13.835,DI1X26,13.835,2026-11-03,808.0
12.697,2025-12-03,3440491.0,12.715,12.715,DI1F29,12.715,2029-01-02,305045.0
12.908,2025-12-03,33605.0,,12.908,DI1F39,,2039-01-03,
14.766,2025-12-03,2039383.0,14.76,14.76,DI1J26,14.76,2026-04-01,218939.0
12.72,2025-12-03,86529.0,12.725,12.725,DI1J29,12.725,2029-04-02,27.0
13.978,2025-12-03,1134156.0,13.975,13.975,DI1V26,13.975,2026-10-01,103467.0
,2025-12-03,,,,DI1D,,9999-12-31,
12.79,2025-12-04,42619.0,12.745,12.745,DI1J30,12.745,2030-04-01,114.0
12.739,2025-12-04,76569.0,12.745,12.745,DI1V29,12.745,2029-10-01,944.0
13.03,2025-12-04,1531249.0,13.025,13.025,DI1N27,13.025,2027-07-01,142838.0
13.549,2025-12-04,6056575.0,13.55,13.55,DI1F27,13.55,2027-01-04,422434.0
12.969,2025-12-04,61643.0,12.97,12.97,DI1F37,12.97,2037-01-02,662.0
13.011,2025-12-04,774735.0,13.01,13.01,DI1F35,13.01,2035-01-02,76238.0
13.269,2025-12-04,1201330.0,13.265,13.265,DI1J27,13.265,2027-04-01,50338.0
12.668,2025-12-04,244831.0,12.675,12.675,DI1J28,12.675,2028-04-03,2674.0
12.963,2025-12-04,40816.0,12.945,12.945,DI1Q27,12.945,2027-08-02,24.0
12.855,2025-12-04,1112634.0,12.855,12.855,DI1V27,12.855,2027-10-01,61960.0
12.971,2025-12-04,1406822.0,12.98,12.98,DI1F32,12.98,2032-01-02,51419.0
12.769,2025-12-04,1256986.0,12.77,12.77,DI1F30,12.77,2030-01-02,103637.0
12.836,2025-12-04,50625.0,12.78,12.78,DI1F40,12.78,2040-01-02,8.0
13.801,2025-12-04,63579.0,13.805,13.805,DI1X26,13.805,2026-11-03,1459.0
12.646,2025-12-04,3432911.0,12.645,12.645,DI1F29,12.645,2029-01-02,461589.0
12.861,2025-12-04,33605.0,12.83,12.83,DI1F39,12.83,2039-01-03,11.0
14.752,2025-12-04,2047481.0,14.75,14.75,DI1J26,14.75,2026-04-01,81754.0
12.674,2025-12-04,86521.0,12.67,12.67,DI1J29,12.67,2029-04-02,1365.0
13.94,2025-12-04,1144123.0,13.935,13.935,DI1V26,13.935,2026-10-01,126543.0
13.68,2025-12-04,128421.0,13.68,13.68,DI1Z26,13.68,2026-12-01,15532.0
13.001,2025-12-04,668688.0,13.005,13.005,DI1F33,13.005,2033-01-03,32481.0
12.874,2025-12-04,1928266.0,12.88,12.88,DI1F31,12.88,2031-01-02,419359.0
12.714,2025-12-04,1099928.0,12.71,12.71,DI1N29,12.71,2029-07-02,126736.0
14.513,2025-12-04,304421.0,14.505,14.505,DI1M26,14.505,2026-06-01,4787.0
12.726,2025-12-04,3421672.0,12.725,12.725,DI1F28,12.725,2028-01-03,490004.0
12.91,2025-12-04,50307.0,12.91,12.91,DI1F38,12.91,2038-01-04,55.0
12.825,2025-12-04,73347.0,12.83,12.83,DI1N30,12.83,2030-07-01,310.0
12.649,2025-12-04,135561.0,12.655,12.655,DI1V28,12.655,2028-10-02,1014.0
14.38,2025-12-04,3130038.0,14.375,14.375,DI1N26,14.375,2026-07-01,357746.0
14.088,2025-12-04,213857.0,14.085,14.085,DI1U26,14.085,2026-09-01,742.0
14.891,2025-12-04,455982.0,14.89,14.89,DI1G26,14.89,2026-02-02,20613.0
14.83,2025-12-04,386801.0,14.83,14.83,DI1H26,14.83,2026-03-02,36212.0
14.657,2025-12-04,261846.0,14.665,14.665,DI1K26,14.665,2026-05-04,1247.0
14.895,2025-12-04,4239898.0,14.897,14.897,DI1F26,14.897,2026-01-02,119162.0
12.977,2025-12-04,68268.0,12.98,12.98,DI1F36,12.98,2036-01-02,406.0
13.009,2025-12-04,275211.0,13.005,13.005,DI1F34,13.005,2034-01-02,237.0
12.639,2025-12-04,498543.0,12.645,12.645,DI1N28,12.645,2028-07-03,21625.0
12.844,2025-12-04,26277.0,12.835,12.835,DI1V30,12.835,2030-10-01,216.0
14.237,2025-12-04,99012.0,14.235,14.235,DI1Q26,14.235,2026-08-03,937.0
,2025-12-04,,,,DI1D,,9999-12-31,
13.391,2025-12-05,42700.0,12.99,12.99,DI1J30,12.99,2030-04-01,9.0
13.334,2025-12-05,76498.0,13.3,13.3,DI1V29,13.3,2029-10-01,1651.0
13.455,2025-12-05,1552474.0,13.385,13.385,DI1N27,13.385,2027-07-01,458967.0
13.847,2025-12-05,5994578.0,13.79,13.79,DI1F27,13.79,2027-01-04,1790507.0
13.528,2025-12-05,63872.0,13.535,13.535,DI1F37,13.535,2037-01-02,1445.0
13.57,2025-12-05,776505.0,13.565,13.565,DI1F35,13.565,2035-01-02,123297.0
13.632,2025-12-05,1204662.0,13.56,13.56,DI1J27,13.56,2027-04-01,143996.0
13.206,2025-12-05,245124.0,13.16,13.16,DI1J28,13.16,2028-04-03,8706.0
13.397,2025-12-05,40836.0,13.425,13.425,DI1Q27,13.425,2027-08-02,1143.0
13.33,2025-12-05,1102939.0,13.27,13.27,DI1V27,13.27,2027-10-01,83757.0
13.561,2025-12-05,1401806.0,13.535,13.535,DI1F32,13.535,2032-01-02,91761.0
13.37,2025-12-05,1261977.0,13.355,13.355,DI1F30,13.355,2030-01-02,260296.0
13.395,2025-12-05,50625.0,,13.395,DI1F40,,2040-01-02,
14.045,2025-12-05,64023.0,14.015,14.015,DI1X26,14.015,2026-11-03,5685.0
13.231,2025-12-05,3445236.0,13.195,13.195,DI1F29,13.195,2029-01-02,1543830.0
13.42,2025-12-05,33605.0,,13.42,DI1F39,,2039-01-03,
14.805,2025-12-05,2035094.0,14.81,14.81,DI1J26,14.81,2026-04-01,551611.0
13.26,2025-12-05,86558.0,13.265,13.265,DI1J29,13.265,2029-04-02,1385.0
14.158,2025-12-05,1108126.0,14.105,14.105,DI1V26,14.105,2026-10-01,290926.0
13.954,2025-12-05,136666.0,13.9,13.9,DI1Z26,13.9,2026-12-01,35294.0
13.579,2025-12-05,666362.0,13.565,13.565,DI1F33,13.565,2033-01-03,105653.0
13.473,2025-12-05,1952852.0,13.445,13.445,DI1F31,13.445,2031-01-02,866302.0
13.306,2025-12-05,1098521.0,13.27,13.27,DI1N29,13.27,2029-07-02,132081.0
14.619,2025-12-05,303641.0,14.6,14.6,DI1M26,14.6,2026-06-01,30015.0
13.243,2025-12-05,3429480.0,13.2,13.2,DI1F28,13.2,2028-01-03,1779904.0
13.469,2025-12-05,50362.0,,13.469,DI1F38,,2038-01-04,
13.425,2025-12-05,73512.0,13.425,13.425,DI1N30,13.425,2030-07-01,2341.0
13.217,2025-12-05,136011.0,13.195,13.195,DI1V28,13.195,2028-10-02,4182.0
14.51,2025-12-05,3080194.0,14.485,14.485,DI1N26,14.485,2026-07-01,1044937.0
14.287,2025-12-05,214522.0,14.245,14.245,DI1U26,14.245,2026-09-01,42302.0
14.893,2025-12-05,461296.0,14.896,14.896,DI1G26,14.896,2026-02-02,73659.0
14.854,2025-12-05,402619.0,14.86,14.86,DI1H26,14.86,2026-03-02,87802.0
14.727,2025-12-05,262316.0,14.72,14.72,DI1K26,14.72,2026-05-04,12331.0
14.899,2025-12-05,4270858.0,14.896,14.896,DI1F26,14.896,2026-01-02,479499.0
13.536,2025-12-05,68644.0,13.56,13.56,DI1F36,13.56,2036-01-02,99.0
13.572,2025-12-05,275449.0,13.58,13.58,DI1F34,13.58,2034-01-02,3090.0
13.202,2025-12-05,500457.0,13.16,13.16,DI1N28,13.16,2028-07-03,112131.0
13.444,2025-12-05,26372.0,13.21,13.21,DI1V30,13.21,2030-10-01,2229.0
14.398,2025-12-05,99802.0,14.38,14.38,DI1Q26,14.38,2026-08-03,4367.0
,2025-12-05,,,,DI1D,,9999-12-31,
13.391,2025-12-06,42700.0,12.99,12.99,DI1J30,12.99,2030-04-01,9.0
13.334,2025-12-06,76498.0,13.3,13.3,DI1V29,13.3,2029-10-01,1651.0
13.455,2025-12-06,1552474.0,13.385,13.385,DI1N27,13.385,2027-07-01,458967.0
13.847,2025-12-06,5994578.0,13.79,13.79,DI1F27,13.79,2027-01-04,1790507.0
13.528,2025-12-06,63872.0,13.535,13.535,DI1F37,13.535,2037-01-02,1445.0
13.57,2025-12-06,776505.0,13.565,13.565,DI1F35,13.565,2035-01-02,123297.0
13.632,2025-12-06,1204662.0,13.56,13.56,DI1J27,13.56,2027-04-01,143996.0
13.206,2025-12-06,245124.0,13.16,13.16,DI1J28,13.16,2028-04-03,8706.0
13.397,2025-12-06,40836.0,13.425,13.425,DI1Q27,13.425,2027-08-02,1143.0
13.33,2025-12-06,1102939.0,13.27,13.27,DI1V27,13.27,2027-10-01,83757.0
13.561,2025-12-06,1401806.0,13.535,13.535,DI1F32,13.535,2032-01-02,91761.0
13.37,2025-12-06,1261977.0,13.355,13.355,DI1F30,13.355,2030-01-02,260296.0
13.395,2025-12-06,50625.0,,13.395,DI1F40,,2040-01-02,
14.045,2025-12-06,64023.0,14.015,14.015,DI1X26,14.015,2026-11-03,5685.0
13.231,2025-12-06,3445236.0,13.195,13.195,DI1F29,13.195,2029-01-02,1543830.0
13.42,2025-12-06,33605.0,,13.42,DI1F39,,2039-01-03,
14.805,2025-12-06,2035094.0,14.81,14.81,DI1J26,14.81,2026-04-01,551611.0
13.26,2025-12-06,86558.0,13.265,13.265,DI1J29,13.265,2029-04-02,1385.0
14.158,2025-12-06,1108126.0,14.105,14.105,DI1V26,14.105,2026-10-01,290926.0
13.954,2025-12-06,136666.0,13.9,13.9,DI1Z26,13.9,2026-12-01,35294.0
13.579,2025-12-06,666362.0,13.565,13.565,DI1F33,13.565,2033-01-03,105653.0
13.473,2025-12-06,1952852.0,13.445,13.445,DI1F31,13.445,2031-01-02,866302.0
13.306,2025-12-06,1098521.0,13.27,13.27,DI1N29,13.27,2029-07-02,132081.0
14.619,2025-12-06,303641.0,14.6,14.6,DI1M26,14.6,2026-06-01,30015.0
13.243,2025-12-06,3429480.0,13.2,13.2,DI1F28,13.2,2028-01-03,1779904.0
13.469,2025-12-06,50362.0,,13.469,DI1F38,,2038-01-04,
13.425,2025-12-06,73512.0,13.425,13.425,DI1N30,13.425,2030-07-01,2341.0
13.217,2025-12-06,136011.0,13.195,13.195,DI1V28,13.195,2028-10-02,4182.0
14.51,2025-12-06,3080194.0,14.485,14.485,DI1N26,14.485,2026-07-01,1044937.0
14.287,2025-12-06,214522.0,14.245,14.245,DI1U26,14.245,2026-09-01,42302.0
14.893,2025-12-06,461296.0,14.896,14.896,DI1G26,14.896,2026-02-02,73659.0
14.854,2025-12-06,402619.0,14.86,14.86,DI1H26,14.86,2026-03-02,87802.0
14.727,2025-12-06,262316.0,14.72,14.72,DI1K26,14.72,2026-05-04,12331.0
14.899,2025-12-06,4270858.0,14.896,14.896,DI1F26,14.896,2026-01-02,479499.0
13.536,2025-12-06,68644.0,13.56,13.56,DI1F36,13.56,2036-01-02,99.0
13.572,2025-12-06,275449.0,13.58,13.58,DI1F34,13.58,2034-01-02,3090.0
13.202,2025-12-06,500457.0,13.16,13.16,DI1N28,13.16,2028-07-03,112131.0
13.444,2025-12-06,26372.0,13.21,13.21,DI1V30,13.21,2030-10-01,2229.0
14.398,2025-12-06,99802.0,14.38,14.38,DI1Q26,14.38,2026-08-03,4367.0
,2025-12-06,,,,DI1D,,9999-12-31,
13.391,2025-12-07,42700.0,12.99,12.99,DI1J30,12.99,2030-04-01,9.0
13.334,2025-12-07,76498.0,13.3,13.3,DI1V29,13.3,2029-10-01,1651.0
13.455,2025-12-07,1552474.0,13.385,13.385,DI1N27,13.385,2027-07-01,458967.0
13.847,2025-12-07,5994578.0,13.79,13.79,DI1F27,13.79,2027-01-04,1790507.0
13.528,2025-12-07,63872.0,13.535,13.535,DI1F37,13.535,2037-01-02,1445.0
13.57,2025-12-07,776505.0,13.565,13.565,DI1F35,13.565,2035-01-02,123297.0
13.632,2025-12-07,1204662.0,13.56,13.56,DI1J27,13.56,2027-04-01,143996.0
13.206,2025-12-07,245124.0,13.16,13.16,DI1J28,13.16,2028-04-03,8706.0
13.397,2025-12-07,40836.0,13.425,13.425,DI1Q27,13.425,2027-08-02,1143.0
13.33,2025-12-07,1102939.0,13.27,13.27,DI1V27,13.27,2027-10-01,83757.0
13.561,2025-12-07,1401806.0,13.535,13.535,DI1F32,13.535,2032-01-02,91761.0
13.37,2025-12-07,1261977.0,13.355,13.355,DI1F30,13.355,2030-01-02,260296.0
13.395,2025-12-07,50625.0,,13.395,DI1F40,,2040-01-02,
14.045,2025-12-07,64023.0,14.015,14.015,DI1X26,14.015,2026-11-03,5685.0
13.231,2025-12-07,3445236.0,13.195,13.195,DI1F29,13.195,2029-01-02,1543830.0
13.42,2025-12-07,33605.0,,13.42,DI1F39,,2039-01-03,
14.805,2025-12-07,2035094.0,14.81,14.81,DI1J26,14.81,2026-04-01,551611.0
13.26,2025-12-07,86558.0,13.265,13.265,DI1J29,13.265,2029-04-02,1385.0
14.158,2025-12-07,1108126.0,14.105,14.105,DI1V26,14.105,2026-10-01,290926.0
13.954,2025-12-07,136666.0,13.9,13.9,DI1Z26,13.9,2026-12-01,35294.0
13.579,2025-12-07,666362.0,13.565,13.565,DI1F33,13.565,2033-01-03,105653.0
13.473,2025-12-07,1952852.0,13.445,13.445,DI1F31,13.445,2031-01-02,866302.0
13.306,2025-12-07,1098521.0,13.27,13.27,DI1N29,13.27,2029-07-02,132081.0
14.619,2025-12-07,303641.0,14.6,14.6,DI1M26,14.6,2026-06-01,30015.0
13.243,2025-12-07,3429480.0,13.2,13.2,DI1F28,13.2,2028-01-03,1779904.0
13.469,2025-12-07,50362.0,,13.469,DI1F38,,2038-01-04,
13.425,2025-12-07,73512.0,13.425,13.425,DI1N30,13.425,2030-07-01,2341.0
13.217,2025-12-07,136011.0,13.195,13.195,DI1V28,13.195,2028-10-02,4182.0
14.51,2025-12-07,3080194.0,14.485,14.485,DI1N26,14.485,2026-07-01,1044937.0
14.287,2025-12-07,214522.0,14.245,14.245,DI1U26,14.245,2026-09-01,42302.0
14.893,2025-12-07,461296.0,14.896,14.896,DI1G26,14.896,2026-02-02,73659.0
14.854,2025-12-07,402619.0,14.86,14.86,DI1H26,14.86,2026-03-02,87802.0
14.727,2025-12-07,262316.0,14.72,14.72,DI1K26,14.72,2026-05-04,12331.0
14.899,2025-12-07,4270858.0,14.896,14.896,DI1F26,14.896,2026-01-02,479499.0
13.536,2025-12-07,68644.0,13.56,13.56,DI1F36,13.56,2036-01-02,99.0
13.572,2025-12-07,275449.0,13.58,13.58,DI1F34,13.58,2034-01-02,3090.0
13.202,2025-12-07,500457.0,13.16,13.16,DI1N28,13.16,2028-07-03,112131.0
13.444,2025-12-07,26372.0,13.21,13.21,DI1V30,13.21,2030-10-01,2229.0
14.398,2025-12-07,99802.0,14.38,14.38,DI1Q26,14.38,2026-08-03,4367.0
,2025-12-07,,,,DI1D,,9999-12-31,
13.307,2025-12-08,42700.0,13.325,13.325,DI1J30,13.325,2030-04-01,138.0
13.252,2025-12-08,77144.0,13.275,13.275,DI1V29,13.275,2029-10-01,450.0
13.345,2025-12-08,1531550.0,13.385,13.385,DI1N27,13.385,2027-07-01,186988.0
13.758,2025-12-08,5883368.0,13.785,13.785,DI1F27,13.785,2027-01-04,945355.0
13.446,2025-12-08,64567.0,13.41,13.41,DI1F37,13.41,2037-01-02,305.0
13.488,2025-12-08,785391.0,13.51,13.51,DI1F35,13.51,2035-01-02,98833.0
13.532,2025-12-08,1209216.0,13.57,13.57,DI1J27,13.57,2027-04-01,50256.0
13.105,2025-12-08,244344.0,13.135,13.135,DI1J28,13.135,2028-04-03,3126.0
13.293,2025-12-08,40766.0,13.29,13.29,DI1Q27,13.29,2027-08-02,703.0
13.22,2025-12-08,1092252.0,13.26,13.26,DI1V27,13.26,2027-10-01,43505.0
13.481,2025-12-08,1408474.0,13.505,13.505,DI1F32,13.505,2032-01-02,72520.0
13.291,2025-12-08,1292033.0,13.31,13.31,DI1F30,13.31,2030-01-02,184301.0
13.313,2025-12-08,50625.0,13.325,13.325,DI1F40,13.325,2040-01-02,2001.0
13.976,2025-12-08,62753.0,13.94,13.94,DI1X26,13.94,2026-11-03,176.0
13.145,2025-12-08,3452672.0,13.18,13.18,DI1F29,13.18,2029-01-02,789115.0
13.338,2025-12-08,33605.0,,13.338,DI1F39,,2039-01-03,
14.79,2025-12-08,1969974.0,14.8,14.8,DI1J26,14.8,2026-04-01,535347.0
13.176,2025-12-08,87312.0,13.19,13.19,DI1J29,13.19,2029-04-02,412.0
14.1,2025-12-08,1114561.0,14.12,14.12,DI1V26,14.12,2026-10-01,138878.0
13.876,2025-12-08,147143.0,13.88,13.88,DI1Z26,13.88,2026-12-01,6793.0
13.502,2025-12-08,661216.0,13.52,13.52,DI1F33,13.52,2033-01-03,74599.0
13.394,2025-12-08,1953213.0,13.41,13.41,DI1F31,13.41,2031-01-02,489186.0
13.221,2025-12-08,1107948.0,13.255,13.255,DI1N29,13.255,2029-07-02,114364.0
14.59,2025-12-08,323795.0,14.59,14.59,DI1M26,14.59,2026-06-01,10866.0
13.131,2025-12-08,3468707.0,13.175,13.175,DI1F28,13.175,2028-01-03,882052.0
13.387,2025-12-08,50362.0,13.325,13.325,DI1F38,13.325,2038-01-04,100.0
13.343,2025-12-08,73314.0,13.37,13.37,DI1N30,13.37,2030-07-01,1464.0
13.127,2025-12-08,137211.0,13.15,13.15,DI1V28,13.15,2028-10-02,868.0
14.482,2025-12-08,3114865.0,14.49,14.49,DI1N26,14.49,2026-07-01,776122.0
14.23,2025-12-08,233913.0,14.245,14.245,DI1U26,14.245,2026-09-01,4937.0
14.898,2025-12-08,486866.0,14.897,14.897,DI1G26,14.897,2026-02-02,43226.0
14.847,2025-12-08,407654.0,14.85,14.85,DI1H26,14.85,2026-03-02,71731.0
14.707,2025-12-08,262779.0,14.71,14.71,DI1K26,14.71,2026-05-04,9096.0
14.908,2025-12-08,4209361.0,14.903,14.903,DI1F26,14.903,2026-01-02,1580598.0
13.454,2025-12-08,68630.0,13.345,13.345,DI1F36,13.345,2036-01-02,5.0
13.49,2025-12-08,276134.0,13.505,13.505,DI1F34,13.505,2034-01-02,214.0
13.104,2025-12-08,490741.0,13.145,13.145,DI1N28,13.145,2028-07-03,56237.0
13.358,2025-12-08,28564.0,13.36,13.36,DI1V30,13.36,2030-10-01,344.0
14.358,2025-12-08,100760.0,14.37,14.37,DI1Q26,14.37,2026-08-03,1026.0
,2025-12-08,,,,DI1D,,9999-12-31,
13.336,2025-12-09,42624.0,13.35,13.35,DI1J30,13.35,2030-04-01,36.0
13.273,2025-12-09,77029.0,13.315,13.315,DI1V29,13.315,2029-10-01,856.0
13.32,2025-12-09,1530944.0,13.355,13.355,DI1N27,13.355,2027-07-01,222044.0
13.73,2025-12-09,5916014.0,13.76,13.76,DI1F27,13.76,2027-01-04,1116462.0
13.481,2025-12-09,65898.0,13.52,13.52,DI1F37,13.52,2037-01-02,255.0
13.535,2025-12-09,799696.0,13.57,13.57,DI1F35,13.57,2035-01-02,99149.0
13.505,2025-12-09,1210432.0,13.54,13.54,DI1J27,13.54,2027-04-01,73955.0
13.088,2025-12-09,244137.0,13.14,13.14,DI1J28,13.14,2028-04-03,4994.0
13.269,2025-12-09,40104.0,13.32,13.32,DI1Q27,13.32,2027-08-02,2405.0
13.198,2025-12-09,1091928.0,13.24,13.24,DI1V27,13.24,2027-10-01,53226.0
13.521,2025-12-09,1408508.0,13.555,13.555,DI1F32,13.555,2032-01-02,93683.0
13.318,2025-12-09,1294802.0,13.35,13.35,DI1F30,13.35,2030-01-02,140005.0
13.365,2025-12-09,52625.0,13.38,13.38,DI1F40,13.38,2040-01-02,22.0
13.955,2025-12-09,62829.0,13.985,13.985,DI1X26,13.985,2026-11-03,4683.0
13.153,2025-12-09,3432902.0,13.19,13.19,DI1F29,13.19,2029-01-02,909969.0
13.39,2025-12-09,33605.0,13.39,13.39,DI1F39,13.39,2039-01-03,26.0
14.793,2025-12-09,2047759.0,14.795,14.795,DI1J26,14.795,2026-04-01,306706.0
13.186,2025-12-09,87346.0,13.205,13.205,DI1J29,13.205,2029-04-02,738.0
14.082,2025-12-09,1118896.0,14.095,14.095,DI1V26,14.095,2026-10-01,175651.0
13.852,2025-12-09,148251.0,13.88,13.88,DI1Z26,13.88,2026-12-01,2980.0
13.545,2025-12-09,660023.0,13.585,13.585,DI1F33,13.585,2033-01-03,61612.0
13.429,2025-12-09,1915394.0,13.465,13.465,DI1F31,13.465,2031-01-02,482354.0
13.241,2025-12-09,1109357.0,13.275,13.275,DI1N29,13.275,2029-07-02,110461.0
14.585,2025-12-09,322878.0,14.595,14.595,DI1M26,14.595,2026-06-01,4117.0
13.119,2025-12-09,3411210.0,13.15,13.15,DI1F28,13.15,2028-01-03,959570.0
13.417,2025-12-09,50262.0,13.42,13.42,DI1F38,13.42,2038-01-04,231.0
13.375,2025-12-09,73527.0,13.39,13.39,DI1N30,13.39,2030-07-01,964.0
13.128,2025-12-09,136828.0,13.165,13.165,DI1V28,13.165,2028-10-02,1769.0
14.476,2025-12-09,3036934.0,14.48,14.48,DI1N26,14.48,2026-07-01,521865.0
14.216,2025-12-09,231073.0,14.23,14.23,DI1U26,14.23,2026-09-01,9346.0
14.901,2025-12-09,482269.0,14.903,14.903,DI1G26,14.903,2026-02-02,54239.0
14.853,2025-12-09,446297.0,14.862,14.862,DI1H26,14.862,2026-03-02,27154.0
14.706,2025-12-09,264221.0,14.705,14.705,DI1K26,14.705,2026-05-04,15507.0
14.908,2025-12-09,5190421.0,14.913,14.913,DI1F26,14.913,2026-01-02,664848.0
13.495,2025-12-09,68630.0,13.5,13.5,DI1F36,13.5,2036-01-02,79.0
13.537,2025-12-09,276085.0,13.585,13.585,DI1F34,13.585,2034-01-02,1853.0
13.1,2025-12-09,482251.0,13.13,13.13,DI1N28,13.13,2028-07-03,53146.0
13.393,2025-12-09,28802.0,13.425,13.425,DI1V30,13.425,2030-10-01,275.0
14.346,2025-12-09,100808.0,14.355,14.355,DI1Q26,14.355,2026-08-03,6337.0
,2025-12-09,,,,DI1D,,9999-12-31,
13.443,2025-12-10,42638.0,13.385,13.385,DI1J30,13.385,2030-04-01,20.0
13.376,2025-12-10,76932.0,13.34,13.34,DI1V29,13.34,2029-10-01,252.0
13.372,2025-12-10,1527362.0,13.33,13.33,DI1N27,13.33,2027-07-01,192773.0
13.757,2025-12-10,5837831.0,13.715,13.715,DI1F27,13.715,2027-01-04,602420.0
13.581,2025-12-10,66532.0,13.55,13.55,DI1F37,13.55,2037-01-02,784.0
13.64,2025-12-10,794993.0,13.595,13.595,DI1F35,13.595,2035-01-02,39437.0
13.544,2025-12-10,1221589.0,13.485,13.485,DI1J27,13.485,2027-04-01,95738.0
13.195,2025-12-10,244490.0,13.135,13.135,DI1J28,13.135,2028-04-03,1683.0
13.329,2025-12-10,38940.0,13.275,13.275,DI1Q27,13.275,2027-08-02,498.0
13.27,2025-12-10,1095664.0,13.21,13.21,DI1V27,13.21,2027-10-01,33272.0
13.625,2025-12-10,1409458.0,13.565,13.565,DI1F32,13.565,2032-01-02,103571.0
13.425,2025-12-10,1305354.0,13.36,13.36,DI1F30,13.36,2030-01-02,78921.0
13.471,2025-12-10,52625.0,13.5,13.5,DI1F40,13.5,2040-01-02,100.0
13.973,2025-12-10,62554.0,13.94,13.94,DI1X26,13.94,2026-11-03,8985.0
13.261,2025-12-10,3375666.0,13.19,13.19,DI1F29,13.19,2029-01-02,531212.0
13.495,2025-12-10,33582.0,13.51,13.51,DI1F39,13.51,2039-01-03,95.0
14.793,2025-12-10,2055286.0,14.785,14.785,DI1J26,14.785,2026-04-01,212806.0
13.297,2025-12-10,87027.0,13.24,13.24,DI1J29,13.24,2029-04-02,2203.0
14.095,2025-12-10,1140330.0,14.055,14.055,DI1V26,14.055,2026-10-01,138824.0
13.873,2025-12-10,147881.0,13.84,13.84,DI1Z26,13.84,2026-12-01,9421.0
13.649,2025-12-10,658628.0,13.605,13.605,DI1F33,13.605,2033-01-03,50040.0
13.533,2025-12-10,1887559.0,13.475,13.475,DI1F31,13.475,2031-01-02,288457.0
13.347,2025-12-10,1124168.0,13.3,13.3,DI1N29,13.3,2029-07-02,86321.0
14.591,2025-12-10,322962.0,14.58,14.58,DI1M26,14.58,2026-06-01,26905.0
13.204,2025-12-10,3403557.0,13.14,13.14,DI1F28,13.14,2028-01-03,585735.0
13.522,2025-12-10,50047.0,13.525,13.525,DI1F38,13.525,2038-01-04,98.0
13.481,2025-12-10,73601.0,13.44,13.44,DI1N30,13.44,2030-07-01,424.0
13.227,2025-12-10,136640.0,13.18,13.18,DI1V28,13.18,2028-10-02,680.0
14.481,2025-12-10,3026773.0,14.465,14.465,DI1N26,14.465,2026-07-01,330742.0
14.229,2025-12-10,229971.0,14.2,14.2,DI1U26,14.2,2026-09-01,14573.0
14.901,2025-12-10,506930.0,14.9,14.9,DI1G26,14.9,2026-02-02,34159.0
14.853,2025-12-10,454887.0,14.847,14.847,DI1H26,14.847,2026-03-02,33294.0
14.712,2025-12-10,262638.0,14.705,14.705,DI1K26,14.705,2026-05-04,43017.0
14.909,2025-12-10,5639923.0,14.908,14.908,DI1F26,14.908,2026-01-02,256339.0
13.6,2025-12-10,68567.0,13.57,13.57,DI1F36,13.57,2036-01-02,36.0
13.644,2025-12-10,276450.0,13.615,13.615,DI1F34,13.615,2034-01-02,2027.0
13.205,2025-12-10,482737.0,13.125,13.125,DI1N28,13.125,2028-07-03,32620.0
13.49,2025-12-10,28884.0,13.46,13.46,DI1V30,13.46,2030-10-01,200.0
14.357,2025-12-10,99405.0,14.345,14.345,DI1Q26,14.345,2026-08-03,9328.0
,2025-12-10,,,,DI1D,,9999-12-31,
13.442,2025-12-11,42654.0,13.325,13.325,DI1J30,13.325,2030-04-01,3.0
13.374,2025-12-11,77038.0,13.295,13.295,DI1V29,13.295,2029-10-01,1069.0
13.368,2025-12-11,1534545.0,13.33,13.33,DI1N27,13.33,2027-07-01,82504.0
13.753,2025-12-11,5845818.0,13.76,13.76,DI1F27,13.76,2027-01-04,498655.0
13.581,2025-12-11,66581.0,13.525,13.525,DI1F37,13.525,2037-01-02,202.0
13.639,2025-12-11,794439.0,13.565,13.565,DI1F35,13.565,2035-01-02,48766.0
13.54,2025-12-11,1216415.0,13.525,13.525,DI1J27,13.525,2027-04-01,36110.0
13.192,2025-12-11,244570.0,13.125,13.125,DI1J28,13.125,2028-04-03,1851.0
13.325,2025-12-11,38995.0,13.28,13.28,DI1Q27,13.28,2027-08-02,1837.0
13.266,2025-12-11,1087489.0,13.21,13.21,DI1V27,13.21,2027-10-01,20369.0
13.624,2025-12-11,1413475.0,13.55,13.55,DI1F32,13.55,2032-01-02,92135.0
13.424,2025-12-11,1302735.0,13.335,13.335,DI1F30,13.335,2030-01-02,62080.0
13.471,2025-12-11,52525.0,,13.471,DI1F40,,2040-01-02,
13.969,2025-12-11,67312.0,13.975,13.975,DI1X26,13.975,2026-11-03,4045.0
13.259,2025-12-11,3382119.0,13.17,13.17,DI1F29,13.17,2029-01-02,355033.0
13.495,2025-12-11,33487.0,,13.495,DI1F39,,2039-01-03,
14.792,2025-12-11,2106284.0,14.8,14.8,DI1J26,14.8,2026-04-01,215136.0
13.295,2025-12-11,89090.0,13.205,13.205,DI1J29,13.205,2029-04-02,5025.0
14.091,2025-12-11,1138931.0,14.105,14.105,DI1V26,14.105,2026-10-01,114649.0
13.869,2025-12-11,149274.0,13.875,13.875,DI1Z26,13.875,2026-12-01,2355.0
13.648,2025-12-11,658692.0,13.575,13.575,DI1F33,13.575,2033-01-03,45446.0
13.532,2025-12-11,1898021.0,13.455,13.455,DI1F31,13.455,2031-01-02,212766.0
13.345,2025-12-11,1103264.0,13.265,13.265,DI1N29,13.265,2029-07-02,64907.0
14.588,2025-12-11,337809.0,14.6,14.6,DI1M26,14.6,2026-06-01,3253.0
13.201,2025-12-11,3354354.0,13.13,13.13,DI1F28,13.13,2028-01-03,371709.0
13.522,2025-12-11,49949.0,,13.522,DI1F38,,2038-01-04,
13.48,2025-12-11,73741.0,13.415,13.415,DI1N30,13.415,2030-07-01,230.0
13.225,2025-12-11,136835.0,13.15,13.15,DI1V28,13.15,2028-10-02,1199.0
14.478,2025-12-11,3109462.0,14.49,14.49,DI1N26,14.49,2026-07-01,308236.0
14.225,2025-12-11,232295.0,14.24,14.24,DI1U26,14.24,2026-09-01,869.0
14.901,2025-12-11,532980.0,14.9,14.9,DI1G26,14.9,2026-02-02,48381.0
14.852,2025-12-11,464635.0,14.864,14.864,DI1H26,14.864,2026-03-02,104856.0
14.71,2025-12-11,283331.0,14.72,14.72,DI1K26,14.72,2026-05-04,33418.0
14.91,2025-12-11,5685932.0,14.906,14.906,DI1F26,14.906,2026-01-02,114288.0
13.599,2025-12-11,68549.0,13.565,13.565,DI1F36,13.565,2036-01-02,88.0
13.643,2025-12-11,275441.0,13.605,13.605,DI1F34,13.605,2034-01-02,101.0
13.202,2025-12-11,484284.0,13.12,13.12,DI1N28,13.12,2028-07-03,17984.0
13.489,2025-12-11,28892.0,13.39,13.39,DI1V30,13.39,2030-10-01,20.0
14.354,2025-12-11,105517.0,14.365,14.365,DI1Q26,14.365,2026-08-03,1115.0
,2025-12-11,,,,DI1D,,9999-12-31,
13.35,2025-12-12,42658.0,13.265,13.265,DI1J30,13.265,2030-04-01,3.0
13.285,2025-12-12,76990.0,13.135,13.135,DI1V29,13.135,2029-10-01,433.0
13.317,2025-12-12,1544839.0,13.2,13.2,DI1N27,13.2,2027-07-01,90285.0
13.747,2025-12-12,5833290.0,13.655,13.655,DI1F27,13.655,2027-01-04,329302.0
13.488,2025-12-12,66667.0,13.39,13.39,DI1F37,13.39,2037-01-02,250.0
13.548,2025-12-12,792394.0,13.425,13.425,DI1F35,13.425,2035-01-02,22035.0
13.512,2025-12-12,1214190.0,13.405,13.405,DI1J27,13.405,2027-04-01,30857.0
13.104,2025-12-12,244705.0,12.965,12.965,DI1J28,12.965,2028-04-03,2934.0
13.27,2025-12-12,39130.0,13.145,13.145,DI1Q27,13.145,2027-08-02,6665.0
13.195,2025-12-12,1086971.0,13.065,13.065,DI1V27,13.065,2027-10-01,27828.0
13.525,2025-12-12,1414082.0,13.4,13.4,DI1F32,13.4,2032-01-02,33210.0
13.328,2025-12-12,1292935.0,13.18,13.18,DI1F30,13.18,2030-01-02,54949.0
13.396,2025-12-12,52525.0,,13.396,DI1F40,,2040-01-02,
13.967,2025-12-12,65815.0,13.88,13.88,DI1X26,13.88,2026-11-03,245.0
13.163,2025-12-12,3356785.0,13.015,13.015,DI1F29,13.015,2029-01-02,287666.0
13.398,2025-12-12,33487.0,,13.398,DI1F39,,2039-01-03,
14.797,2025-12-12,2120150.0,14.785,14.785,DI1J26,14.785,2026-04-01,114119.0
13.201,2025-12-12,90646.0,13.05,13.05,DI1J29,13.05,2029-04-02,365.0
14.094,2025-12-12,1130705.0,14.02,14.02,DI1V26,14.02,2026-10-01,95463.0
13.865,2025-12-12,149278.0,13.77,13.77,DI1Z26,13.77,2026-12-01,3418.0
13.559,2025-12-12,663975.0,13.43,13.43,DI1F33,13.43,2033-01-03,23087.0
13.44,2025-12-12,1902162.0,13.305,13.305,DI1F31,13.305,2031-01-02,154192.0
13.248,2025-12-12,1096608.0,13.105,13.105,DI1N29,13.105,2029-07-02,31268.0
14.594,2025-12-12,338362.0,14.56,14.56,DI1M26,14.56,2026-06-01,6606.0
13.121,2025-12-12,3362506.0,12.985,12.985,DI1F28,12.985,2028-01-03,378292.0
13.428,2025-12-12,49949.0,,13.428,DI1F38,,2038-01-04,
13.4,2025-12-12,73848.0,13.245,13.245,DI1N30,13.245,2030-07-01,998.0
13.14,2025-12-12,136321.0,13.01,13.01,DI1V28,13.01,2028-10-02,65.0
14.481,2025-12-12,3127810.0,14.435,14.435,DI1N26,14.435,2026-07-01,281558.0
14.224,2025-12-12,232331.0,14.16,14.16,DI1U26,14.16,2026-09-01,612.0
14.899,2025-12-12,559592.0,14.899,14.899,DI1G26,14.899,2026-02-02,66137.0
14.857,2025-12-12,415440.0,14.853,14.853,DI1H26,14.853,2026-03-02,21401.0
14.714,2025-12-12,313990.0,14.69,14.69,DI1K26,14.69,2026-05-04,9125.0
14.905,2025-12-12,5714678.0,14.903,14.903,DI1F26,14.903,2026-01-02,22881.0
13.505,2025-12-12,68549.0,13.405,13.405,DI1F36,13.405,2036-01-02,165.0
13.552,2025-12-12,275518.0,13.445,13.445,DI1F34,13.445,2034-01-02,206.0
13.108,2025-12-12,483852.0,12.96,12.96,DI1N28,12.96,2028-07-03,23382.0
13.407,2025-12-12,28895.0,13.305,13.305,DI1V30,13.305,2030-10-01,6.0
14.357,2025-12-12,104612.0,14.295,14.295,DI1Q26,14.295,2026-08-03,110.0
,2025-12-12,,,,DI1D,,9999-12-31,
13.35,2025-12-13,42658.0,13.265,13.265,DI1J30,13.265,2030-04-01,3.0
13.285,2025-12-13,76990.0,13.135,13.135,DI1V29,13.135,2029-10-01,433.0
13.317,2025-12-13,1544839.0,13.185,13.185,DI1N27,13.185,2027-07-01,116946.0
13.747,2025-12-13,5833290.0,13.64,13.64,DI1F27,13.64,2027-01-04,476504.0
13.488,2025-12-13,66667.0,13.38,13.38,DI1F37,13.38,2037-01-02,351.0
13.548,2025-12-13,792394.0,13.445,13.445,DI1F35,13.445,2035-01-02,27651.0
13.512,2025-12-13,1214190.0,13.385,13.385,DI1J27,13.385,2027-04-01,43323.0
13.104,2025-12-13,244705.0,12.97,12.97,DI1J28,12.97,2028-04-03,3071.0
13.27,2025-12-13,39130.0,13.145,13.145,DI1Q27,13.145,2027-08-02,6665.0
13.195,2025-12-13,1086971.0,13.055,13.055,DI1V27,13.055,2027-10-01,33358.0
13.525,2025-12-13,1414082.0,13.425,13.425,DI1F32,13.425,2032-01-02,50100.0
13.328,2025-12-13,1292935.0,13.205,13.205,DI1F30,13.205,2030-01-02,67616.0
13.396,2025-12-13,52525.0,,13.396,DI1F40,,2040-01-02,
13.967,2025-12-13,65815.0,13.895,13.895,DI1X26,13.895,2026-11-03,4738.0
13.163,2025-12-13,3356785.0,13.025,13.025,DI1F29,13.025,2029-01-02,342047.0
13.398,2025-12-13,33487.0,,13.398,DI1F39,,2039-01-03,
14.797,2025-12-13,2120150.0,14.79,14.79,DI1J26,14.79,2026-04-01,144942.0
13.201,2025-12-13,90646.0,13.08,13.08,DI1J29,13.08,2029-04-02,368.0
14.094,2025-12-13,1130705.0,14.01,14.01,DI1V26,14.01,2026-10-01,124208.0
13.865,2025-12-13,149278.0,13.775,13.775,DI1Z26,13.775,2026-12-01,10932.0
13.559,2025-12-13,663975.0,13.455,13.455,DI1F33,13.455,2033-01-03,34459.0
13.44,2025-12-13,1902162.0,13.325,13.325,DI1F31,13.325,2031-01-02,178545.0
13.248,2025-12-13,1096608.0,13.125,13.125,DI1N29,13.125,2029-07-02,51544.0
14.594,2025-12-13,338362.0,14.56,14.56,DI1M26,14.56,2026-06-01,7187.0
13.121,2025-12-13,3362506.0,12.975,12.975,DI1F28,12.975,2028-01-03,460702.0
13.428,2025-12-13,49949.0,,13.428,DI1F38,,2038-01-04,
13.4,2025-12-13,73848.0,13.265,13.265,DI1N30,13.265,2030-07-01,1038.0
13.14,2025-12-13,136321.0,13.005,13.005,DI1V28,13.005,2028-10-02,252.0
14.481,2025-12-13,3127810.0,14.43,14.43,DI1N26,14.43,2026-07-01,386054.0
14.224,2025-12-13,232331.0,14.17,14.17,DI1U26,14.17,2026-09-01,6646.0
14.899,2025-12-13,559592.0,14.895,14.895,DI1G26,14.895,2026-02-02,132062.0
14.857,2025-12-13,415440.0,14.853,14.853,DI1H26,14.853,2026-03-02,25651.0
14.714,2025-12-13,313990.0,14.7,14.7,DI1K26,14.7,2026-05-04,14179.0
14.905,2025-12-13,5714678.0,14.903,14.903,DI1F26,14.903,2026-01-02,78342.0
13.505,2025-12-13,68549.0,13.415,13.415,DI1F36,13.415,2036-01-02,166.0
13.552,2025-12-13,275518.0,13.465,13.465,DI1F34,13.465,2034-01-02,289.0
13.108,2025-12-13,483852.0,12.975,12.975,DI1N28,12.975,2028-07-03,26724.0
13.407,2025-12-13,28895.0,13.305,13.305,DI1V30,13.305,2030-10-01,6.0
14.357,2025-12-13,104612.0,14.31,14.31,DI1Q26,14.31,2026-08-03,1110.0
,2025-12-13,,,,DI1D,,9999-12-31,
13.35,2025-12-14,42658.0,13.265,13.265,DI1J30,13.265,2030-04-01,3.0
13.285,2025-12-14,76990.0,13.135,13.135,DI1V29,13.135,2029-10-01,433.0
13.317,2025-12-14,1544839.0,13.185,13.185,DI1N27,13.185,2027-07-01,116946.0
13.747,2025-12-14,5833290.0,13.64,13.64,DI1F27,13.64,2027-01-04,476504.0
13.488,2025-12-14,66667.0,13.38,13.38,DI1F37,13.38,2037-01-02,351.0
13.548,2025-12-14,792394.0,13.445,13.445,DI1F35,13.445,2035-01-02,27651.0
13.512,2025-12-14,1214190.0,13.385,13.385,DI1J27,13.385,2027-04-01,43323.0
13.104,2025-12-14,244705.0,12.97,12.97,DI1J28,12.97,2028-04-03,3071.0
13.27,2025-12-14,39130.0,13.145,13.145,DI1Q27,13.145,2027-08-02,6665.0
13.195,2025-12-14,1086971.0,13.055,13.055,DI1V27,13.055,2027-10-01,33358.0
13.525,2025-12-14,1414082.0,13.425,13.425,DI1F32,13.425,2032-01-02,50100.0
13.328,2025-12-14,1292935.0,13.205,13.205,DI1F30,13.205,2030-01-02,67616.0
13.396,2025-12-14,52525.0,,13.396,DI1F40,,2040-01-02,
13.967,2025-12-14,65815.0,13.895,13.895,DI1X26,13.895,2026-11-03,4738.0
13.163,2025-12-14,3356785.0,13.025,13.025,DI1F29,13.025,2029-01-02,342042.0
13.398,2025-12-14,33487.0,,13.398,DI1F39,,2039-01-03,
14.797,2025-12-14,2120150.0,14.79,14.79,DI1J26,14.79,2026-04-01,144942.0
13.201,2025-12-14,90646.0,13.08,13.08,DI1J29,13.08,2029-04-02,368.0
14.094,2025-12-14,1130705.0,14.01,14.01,DI1V26,14.01,2026-10-01,124208.0
13.865,2025-12-14,149278.0,13.775,13.775,DI1Z26,13.775,2026-12-01,10932.0
13.559,2025-12-14,663975.0,13.455,13.455,DI1F33,13.455,2033-01-03,34459.0
13.44,2025-12-14,1902162.0,13.325,13.325,DI1F31,13.325,2031-01-02,178545.0
13.248,2025-12-14,1096608.0,13.125,13.125,DI1N29,13.125,2029-07-02,51544.0
14.594,2025-12-14,338362.0,14.56,14.56,DI1M26,14.56,2026-06-01,7187.0
13.121,2025-12-14,3362506.0,12.975,12.975,DI1F28,12.975,2028-01-03,460694.0
13.428,2025-12-14,49949.0,,13.428,DI1F38,,2038-01-04,
13.4,2025-12-14,73848.0,13.265,13.265,DI1N30,13.265,2030-07-01,1038.0
13.14,2025-12-14,136321.0,13.005,13.005,DI1V28,13.005,2028-10-02,252.0
14.481,2025-12-14,3127810.0,14.43,14.43,DI1N26,14.43,2026-07-01,386054.0
14.224,2025-12-14,232331.0,14.17,14.17,DI1U26,14.17,2026-09-01,6646.0
14.899,2025-12-14,559592.0,14.895,14.895,DI1G26,14.895,2026-02-02,132062.0
14.857,2025-12-14,415440.0,14.853,14.853,DI1H26,14.853,2026-03-02,25651.0
14.714,2025-12-14,313990.0,14.7,14.7,DI1K26,14.7,2026-05-04,14179.0
14.905,2025-12-14,5714678.0,14.903,14.903,DI1F26,14.903,2026-01-02,78342.0
13.505,2025-12-14,68549.0,13.415,13.415,DI1F36,13.415,2036-01-02,166.0
13.552,2025-12-14,275518.0,13.465,13.465,DI1F34,13.465,2034-01-02,289.0
13.108,2025-12-14,483852.0,12.975,12.975,DI1N28,12.975,2028-07-03,26724.0
13.407,2025-12-14,28895.0,13.305,13.305,DI1V30,13.305,2030-10-01,6.0
14.357,2025-12-14,104612.0,14.31,14.31,DI1Q26,14.31,2026-08-03,1110.0
,2025-12-14,,,,DI1D,,9999-12-31,
13.172,2025-12-15,42655.0,,13.172,DI1J30,,2030-04-01,
13.109,2025-12-15,76945.0,13.12,13.12,DI1V29,13.12,2029-10-01,193.0
13.175,2025-12-15,1540494.0,13.165,13.165,DI1N27,13.165,2027-07-01,144322.0
13.635,2025-12-15,5784770.0,13.635,13.635,DI1F27,13.635,2027-01-04,430998.0
13.313,2025-12-15,66883.0,13.315,13.315,DI1F37,13.315,2037-01-02,38.0
13.371,2025-12-15,795480.0,13.365,13.365,DI1F35,13.365,2035-01-02,54578.0
13.382,2025-12-15,1220080.0,13.38,13.38,DI1J27,13.38,2027-04-01,31589.0
12.943,2025-12-15,242823.0,12.94,12.94,DI1J28,12.94,2028-04-03,3018.0
13.124,2025-12-15,43102.0,13.12,13.12,DI1Q27,13.12,2027-08-02,156.0
13.046,2025-12-15,1083985.0,13.03,13.03,DI1V27,13.03,2027-10-01,64611.0
13.353,2025-12-15,1412760.0,13.345,13.345,DI1F32,13.345,2032-01-02,79596.0
13.149,2025-12-15,1298138.0,13.145,13.145,DI1F30,13.145,2030-01-02,43159.0
13.228,2025-12-15,52525.0,,13.228,DI1F40,,2040-01-02,
13.871,2025-12-15,66387.0,13.88,13.88,DI1X26,13.88,2026-11-03,15049.0
12.985,2025-12-15,3374147.0,12.98,12.98,DI1F29,12.98,2029-01-02,236665.0
13.23,2025-12-15,33487.0,,13.23,DI1F39,,2039-01-03,
14.778,2025-12-15,2135530.0,14.775,14.775,DI1J26,14.775,2026-04-01,113353.0
13.026,2025-12-15,90332.0,13.015,13.015,DI1J29,13.015,2029-04-02,57.0
14.007,2025-12-15,1100739.0,14.01,14.01,DI1V26,14.01,2026-10-01,56629.0
13.766,2025-12-15,150903.0,13.77,13.77,DI1Z26,13.77,2026-12-01,23335.0
13.38,2025-12-15,665695.0,13.375,13.375,DI1F33,13.375,2033-01-03,28236.0
13.26,2025-12-15,1896508.0,13.255,13.255,DI1F31,13.255,2031-01-02,201286.0
13.073,2025-12-15,1095157.0,13.075,13.075,DI1N29,13.075,2029-07-02,109565.0
14.55,2025-12-15,338020.0,14.545,14.545,DI1M26,14.545,2026-06-01,606.0
12.967,2025-12-15,3439732.0,12.95,12.95,DI1F28,12.95,2028-01-03,362493.0
13.255,2025-12-15,49949.0,,13.255,DI1F38,,2038-01-04,
13.21,2025-12-15,73772.0,13.205,13.205,DI1N30,13.205,2030-07-01,300.0
12.967,2025-12-15,136222.0,12.975,12.975,DI1V28,12.975,2028-10-02,697.0
14.425,2025-12-15,3174999.0,14.425,14.425,DI1N26,14.425,2026-07-01,164668.0
14.147,2025-12-15,238336.0,14.145,14.145,DI1U26,14.145,2026-09-01,13841.0
14.897,2025-12-15,578453.0,14.898,14.898,DI1G26,14.898,2026-02-02,54662.0
14.846,2025-12-15,408840.0,14.845,14.845,DI1H26,14.845,2026-03-02,18579.0
14.685,2025-12-15,312216.0,14.68,14.68,DI1K26,14.68,2026-05-04,2673.0
14.903,2025-12-15,5756456.0,14.902,14.902,DI1F26,14.902,2026-01-02,60115.0
13.328,2025-12-15,68549.0,13.31,13.31,DI1F36,13.31,2036-01-02,21.0
13.376,2025-12-15,275540.0,13.38,13.38,DI1F34,13.38,2034-01-02,178.0
12.942,2025-12-15,484158.0,12.935,12.935,DI1N28,12.935,2028-07-03,15657.0
13.231,2025-12-15,28895.0,,13.231,DI1V30,,2030-10-01,
14.291,2025-12-15,104639.0,14.285,14.285,DI1Q26,14.285,2026-08-03,524.0
,2025-12-15,,,,DI1D,,9999-12-31,
13.172,2025-12-16,42655.0,,13.172,DI1J30,,2030-04-01,
13.109,2025-12-16,76945.0,13.12,13.12,DI1V29,13.12,2029-10-01,193.0
13.175,2025-12-16,1540494.0,13.165,13.165,DI1N27,13.165,2027-07-01,144322.0
13.635,2025-12-16,5784770.0,13.635,13.635,DI1F27,13.635,2027-01-04,430998.0
13.313,2025-12-16,66883.0,13.315,13.315,DI1F37,13.315,2037-01-02,38.0
13.371,2025-12-16,795480.0,13.365,13.365,DI1F35,13.365,2035-01-02,54578.0
13.382,2025-12-16,1220080.0,13.38,13.38,DI1J27,13.38,2027-04-01,31589.0
12.943,2025-12-16,242823.0,12.94,12.94,DI1J28,12.94,2028-04-03,3018.0
13.124,2025-12-16,43102.0,13.12,13.12,DI1Q27,13.12,2027-08-02,156.0
13.046,2025-12-16,1083985.0,13.03,13.03,DI1V27,13.03,2027-10-01,64611.0
13.353,2025-12-16,1412760.0,13.345,13.345,DI1F32,13.345,2032-01-02,79596.0
13.149,2025-12-16,1298138.0,13.145,13.145,DI1F30,13.145,2030-01-02,43159.0
13.228,2025-12-16,52525.0,,13.228,DI1F40,,2040-01-02,
13.871,2025-12-16,66387.0,13.88,13.88,DI1X26,13.88,2026-11-03,15049.0
12.985,2025-12-16,3374147.0,12.98,12.98,DI1F29,12.98,2029-01-02,236665.0
13.23,2025-12-16,33487.0,,13.23,DI1F39,,2039-01-03,
14.778,2025-12-16,2135530.0,14.775,14.775,DI1J26,14.775,2026-04-01,113353.0
13.026,2025-12-16,90332.0,13.015,13.015,DI1J29,13.015,2029-04-02,57.0
14.007,2025-12-16,1100739.0,14.01,14.01,DI1V26,14.01,2026-10-01,56629.0
13.766,2025-12-16,150903.0,13.77,13.77,DI1Z26,13.77,2026-12-01,23335.0
13.38,2025-12-16,665695.0,13.375,13.375,DI1F33,13.375,2033-01-03,28236.0
13.26,2025-12-16,1896508.0,13.255,13.255,DI1F31,13.255,2031-01-02,201286.0
13.073,2025-12-16,1095157.0,13.075,13.075,DI1N29,13.075,2029-07-02,109565.0
14.55,2025-12-16,338020.0,14.545,14.545,DI1M26,14.545,2026-06-01,606.0
12.967,2025-12-16,3439732.0,12.95,12.95,DI1F28,12.95,2028-01-03,362493.0
13.255,2025-12-16,49949.0,,13.255,DI1F38,,2038-01-04,
13.21,2025-12-16,73772.0,13.205,13.205,DI1N30,13.205,2030-07-01,300.0
12.967,2025-12-16,136222.0,12.975,12.975,DI1V28,12.975,2028-10-02,697.0
14.425,2025-12-16,3174999.0,14.425,14.425,DI1N26,14.425,2026-07-01,164668.0
14.147,2025-12-16,238336.0,14.145,14.145,DI1U26,14.145,2026-09-01,13841.0
14.897,2025-12-16,578453.0,14.898,14.898,DI1G26,14.898,2026-02-02,54662.0
14.846,2025-12-16,408840.0,14.845,14.845,DI1H26,14.845,2026-03-02,18579.0
14.685,2025-12-16,312216.0,14.68,14.68,DI1K26,14.68,2026-05-04,2673.0
14.903,2025-12-16,5756456.0,14.902,14.902,DI1F26,14.902,2026-01-02,60115.0
13.328,2025-12-16,68549.0,13.31,13.31,DI1F36,13.31,2036-01-02,21.0
13.376,2025-12-16,275540.0,13.38,13.38,DI1F34,13.38,2034-01-02,178.0
12.942,2025-12-16,484158.0,12.935,12.935,DI1N28,12.935,2028-07-03,15657.0
13.231,2025-12-16,28895.0,,13.231,DI1V30,,2030-10-01,
14.291,2025-12-16,104639.0,14.285,14.285,DI1Q26,14.285,2026-08-03,524.0
,2025-12-16,,,,DI1D,,9999-12-31,
13.292,2025-12-17,42706.0,13.53,13.53,DI1J30,13.53,2030-04-01,287.0
13.228,2025-12-17,77125.0,13.47,13.47,DI1V29,13.47,2029-10-01,473.0
13.233,2025-12-17,1552277.0,13.425,13.425,DI1N27,13.425,2027-07-01,209438.0
13.672,2025-12-17,5732337.0,13.83,13.83,DI1F27,13.83,2027-01-04,941422.0
13.413,2025-12-17,67129.0,13.66,13.66,DI1F37,13.66,2037-01-02,561.0
13.472,2025-12-17,792554.0,13.72,13.72,DI1F35,13.72,2035-01-02,97029.0
13.431,2025-12-17,1235954.0,13.605,13.605,DI1J27,13.605,2027-04-01,58824.0
13.029,2025-12-17,243416.0,13.26,13.26,DI1J28,13.26,2028-04-03,4862.0
13.182,2025-12-17,44177.0,13.38,13.38,DI1Q27,13.38,2027-08-02,1514.0
13.115,2025-12-17,1090929.0,13.325,13.325,DI1V27,13.325,2027-10-01,45012.0
13.473,2025-12-17,1411289.0,13.735,13.735,DI1F32,13.735,2032-01-02,68908.0
13.268,2025-12-17,1299913.0,13.53,13.53,DI1F30,13.53,2030-01-02,129403.0
13.329,2025-12-17,52625.0,13.58,13.58,DI1F40,13.58,2040-01-02,131.0
13.91,2025-12-17,84408.0,14.04,14.04,DI1X26,14.04,2026-11-03,599.0
13.099,2025-12-17,3362443.0,13.345,13.345,DI1F29,13.345,2029-01-02,575945.0
13.331,2025-12-17,33583.0,13.57,13.57,DI1F39,13.57,2039-01-03,107.0
14.788,2025-12-17,2150214.0,14.825,14.825,DI1J26,14.825,2026-04-01,326307.0
13.139,2025-12-17,90760.0,13.375,13.375,DI1J29,13.375,2029-04-02,596.0
14.043,2025-12-17,1111113.0,14.165,14.165,DI1V26,14.165,2026-10-01,130993.0
13.8,2025-12-17,189297.0,13.935,13.935,DI1Z26,13.935,2026-12-01,7008.0
13.493,2025-12-17,673683.0,13.75,13.75,DI1F33,13.75,2033-01-03,52575.0
13.386,2025-12-17,1907922.0,13.655,13.655,DI1F31,13.655,2031-01-02,356502.0
13.194,2025-12-17,1093006.0,13.445,13.445,DI1N29,13.445,2029-07-02,141329.0
14.567,2025-12-17,323048.0,14.635,14.635,DI1M26,14.635,2026-06-01,3617.0
13.042,2025-12-17,3483456.0,13.26,13.26,DI1F28,13.26,2028-01-03,802702.0
13.355,2025-12-17,49949.0,13.59,13.59,DI1F38,13.59,2038-01-04,136.0
13.329,2025-12-17,74184.0,13.59,13.59,DI1N30,13.59,2030-07-01,1654.0
13.071,2025-12-17,137312.0,13.315,13.315,DI1V28,13.315,2028-10-02,2784.0
14.453,2025-12-17,3120077.0,14.54,14.54,DI1N26,14.54,2026-07-01,525907.0
14.186,2025-12-17,225334.0,14.295,14.295,DI1U26,14.295,2026-09-01,12253.0
14.898,2025-12-17,611210.0,14.9,14.9,DI1G26,14.9,2026-02-02,194880.0
14.85,2025-12-17,445482.0,14.867,14.867,DI1H26,14.867,2026-03-02,44308.0
14.701,2025-12-17,311658.0,14.76,14.76,DI1K26,14.76,2026-05-04,81907.0
14.903,2025-12-17,5766680.0,14.904,14.904,DI1F26,14.904,2026-01-02,134587.0
13.428,2025-12-17,68549.0,13.66,13.66,DI1F36,13.66,2036-01-02,145.0
13.483,2025-12-17,275529.0,13.735,13.735,DI1F34,13.735,2034-01-02,380.0
13.036,2025-12-17,486627.0,13.275,13.275,DI1N28,13.275,2028-07-03,51861.0
13.35,2025-12-17,28894.0,13.59,13.59,DI1V30,13.59,2030-10-01,987.0
14.321,2025-12-17,103995.0,14.41,14.41,DI1Q26,14.41,2026-08-03,2684.0
,2025-12-17,,,,DI1D,,9999-12-31,
13.537,2025-12-18,42706.0,13.53,13.53,DI1J30,13.53,2030-04-01,287.0
13.467,2025-12-18,77125.0,13.48,13.48,DI1V29,13.48,2029-10-01,492.0
13.423,2025-12-18,1552277.0,13.41,13.41,DI1N27,13.41,2027-07-01,229410.0
13.83,2025-12-18,5732337.0,13.815,13.815,DI1F27,13.815,2027-01-04,994676.0
13.632,2025-12-18,67129.0,13.645,13.645,DI1F37,13.645,2037-01-02,645.0
13.7,2025-12-18,792554.0,13.72,13.72,DI1F35,13.72,2035-01-02,106345.0
13.603,2025-12-18,1235954.0,13.595,13.595,DI1J27,13.595,2027-04-01,64974.0
13.253,2025-12-18,243416.0,13.25,13.25,DI1J28,13.25,2028-04-03,5221.0
13.378,2025-12-18,44177.0,13.375,13.375,DI1Q27,13.375,2027-08-02,1520.0
13.32,2025-12-18,1090929.0,13.32,13.32,DI1V27,13.32,2027-10-01,47496.0
13.71,2025-12-18,1411289.0,13.725,13.725,DI1F32,13.725,2032-01-02,72121.0
13.513,2025-12-18,1299913.0,13.52,13.52,DI1F30,13.52,2030-01-02,136344.0
13.564,2025-12-18,52625.0,13.58,13.58,DI1F40,13.58,2040-01-02,131.0
14.045,2025-12-18,84408.0,14.04,14.04,DI1X26,14.04,2026-11-03,599.0
13.332,2025-12-18,3362443.0,13.33,13.33,DI1F29,13.33,2029-01-02,602794.0
13.566,2025-12-18,33583.0,13.57,13.57,DI1F39,13.57,2039-01-03,107.0
14.824,2025-12-18,2150214.0,14.825,14.825,DI1J26,14.825,2026-04-01,346548.0
13.375,2025-12-18,90760.0,13.405,13.405,DI1J29,13.405,2029-04-02,623.0
14.166,2025-12-18,1111113.0,14.16,14.16,DI1V26,14.16,2026-10-01,136668.0
13.951,2025-12-18,189297.0,13.955,13.955,DI1Z26,13.955,2026-12-01,31188.0
13.725,2025-12-18,673683.0,13.74,13.74,DI1F33,13.74,2033-01-03,58989.0
13.632,2025-12-18,1907922.0,13.635,13.635,DI1F31,13.635,2031-01-02,376428.0
13.429,2025-12-18,1093006.0,13.43,13.43,DI1N29,13.43,2029-07-02,153111.0
14.641,2025-12-18,323048.0,14.63,14.63,DI1M26,14.63,2026-06-01,3811.0
13.26,2025-12-18,3483456.0,13.25,13.25,DI1F28,13.25,2028-01-03,844784.0
13.583,2025-12-18,49949.0,13.59,13.59,DI1F38,13.59,2038-01-04,136.0
13.572,2025-12-18,74184.0,13.575,13.575,DI1N30,13.575,2030-07-01,1981.0
13.301,2025-12-18,137312.0,13.31,13.31,DI1V28,13.31,2028-10-02,2909.0
14.541,2025-12-18,3120077.0,14.53,14.53,DI1N26,14.53,2026-07-01,577449.0
14.295,2025-12-18,225334.0,14.305,14.305,DI1U26,14.305,2026-09-01,12280.0
14.899,2025-12-18,611210.0,14.897,14.897,DI1G26,14.897,2026-02-02,199294.0
14.867,2025-12-18,445482.0,14.865,14.865,DI1H26,14.865,2026-03-02,58208.0
14.765,2025-12-18,311658.0,14.765,14.765,DI1K26,14.765,2026-05-04,88861.0
14.901,2025-12-18,5766680.0,14.9,14.9,DI1F26,14.9,2026-01-02,140267.0
13.656,2025-12-18,68549.0,13.65,13.65,DI1F36,13.65,2036-01-02,177.0
13.715,2025-12-18,275529.0,13.725,13.725,DI1F34,13.725,2034-01-02,450.0
13.266,2025-12-18,486627.0,13.255,13.255,DI1N28,13.255,2028-07-03,54015.0
13.596,2025-12-18,28894.0,13.615,13.615,DI1V30,13.615,2030-10-01,997.0
14.418,2025-12-18,103995.0,14.41,14.41,DI1Q26,14.41,2026-08-03,2684.0
,2025-12-18,,,,DI1D,,9999-12-31,
