data_curva,PRAZO_DU,TAXA_PREF,TAXA_IPCA,data_ref
2025-11-17,252,13.7708,9.3538,2025-11-18
2025-11-17,378,13.2697,8.5946,2025-11-18
2025-11-17,504,13.0224,8.2206,2025-11-18
2025-11-17,630,12.9538,8.0287,2025-11-18
2025-11-17,756,12.9916,7.9208,2025-11-18
2025-11-17,882,13.0852,7.8503,2025-11-18
2025-11-17,1008,13.2028,7.7956,2025-11-18
2025-11-17,1134,13.3251,7.7472,2025-11-18
2025-11-17,1260,13.441,7.7011,2025-11-18
2025-11-17,1386,13.5443,7.6561,2025-11-18
2025-11-17,1512,13.632,7.612,2025-11-18
2025-11-17,1638,13.7028,7.5689,2025-11-18
2025-11-17,1764,13.7565,7.5271,2025-11-18
2025-11-17,1890,13.7935,7.4869,2025-11-18
2025-11-17,2016,13.8149,7.4486,2025-11-18
2025-11-17,2142,13.8215,7.4121,2025-11-18
2025-11-17,2268,13.8148,7.3777,2025-11-18
2025-11-18,252,13.7564,9.2927,2025-11-19
2025-11-18,378,13.2501,8.5775,2025-11-19
2025-11-18,504,13.0013,8.2184,2025-11-19
2025-11-18,630,12.9336,8.0298,2025-11-19
2025-11-18,756,12.9735,7.9212,2025-11-19
2025-11-18,882,13.0699,7.8489,2025-11-19
2025-11-18,1008,13.1903,7.7925,2025-11-19
2025-11-18,1134,13.3152,7.7429,2025-11-19
2025-11-18,1260,13.4334,7.696,2025-11-19
2025-11-18,1386,13.5387,7.6506,2025-11-19
2025-11-18,1512,13.6279,7.6064,2025-11-19
2025-11-18,1638,13.6998,7.5635,2025-11-19
2025-11-18,1764,13.7542,7.522,2025-11-19
2025-11-18,1890,13.7917,7.4823,2025-11-19
2025-11-18,2016,13.8131,7.4444,2025-11-19
2025-11-18,2142,13.8196,7.4085,2025-11-19
2025-11-18,2268,13.8123,7.3746,2025-11-19
2025-11-19,252,13.747,9.3071,2025-11-21
2025-11-19,378,13.2417,8.5834,2025-11-21
2025-11-19,504,12.9944,8.2176,2025-11-21
2025-11-19,630,12.9273,8.0226,2025-11-21
2025-11-19,756,12.9673,7.9077,2025-11-21
2025-11-19,882,13.0632,7.8296,2025-11-21
2025-11-19,1008,13.1827,7.768,2025-11-21
2025-11-19,1134,13.3065,7.7138,2025-11-21
2025-11-19,1260,13.4237,7.6632,2025-11-21
2025-11-19,1386,13.5279,7.6148,2025-11-21
2025-11-19,1512,13.6162,7.5682,2025-11-21
2025-11-19,1638,13.6873,7.5235,2025-11-21
2025-11-19,1764,13.7411,7.4807,2025-11-21
2025-11-19,1890,13.778,7.4401,2025-11-21
2025-11-19,2016,13.7991,7.4018,2025-11-21
2025-11-19,2142,13.8053,7.3656,2025-11-21
2025-11-19,2268,13.798,7.3317,2025-11-21
2025-11-21,252,13.7401,9.3008,2025-11-24
2025-11-21,378,13.2431,8.5683,2025-11-24
2025-11-21,504,12.9998,8.2015,2025-11-24
2025-11-21,630,12.9318,8.0085,2025-11-24
2025-11-21,756,12.9675,7.8964,2025-11-24
2025-11-21,882,13.0571,7.8209,2025-11-24
2025-11-21,1008,13.1697,7.7616,2025-11-24
2025-11-21,1134,13.2867,7.7092,2025-11-24
2025-11-21,1260,13.3973,7.66,2025-11-24
2025-11-21,1386,13.4958,7.6127,2025-11-24
2025-11-21,1512,13.5791,7.567,2025-11-24
2025-11-21,1638,13.6461,7.5229,2025-11-24
2025-11-21,1764,13.6966,7.4808,2025-11-24
2025-11-21,1890,13.731,7.4406,2025-11-24
2025-11-21,2016,13.7504,7.4027,2025-11-24
2025-11-21,2142,13.7556,7.3669,2025-11-24
2025-11-21,2268,13.748,7.3332,2025-11-24
2025-11-24,252,13.6603,9.2753,2025-11-25
2025-11-24,378,13.149,8.5352,2025-11-25
2025-11-24,504,12.9029,8.1739,2025-11-25
2025-11-24,630,12.8379,7.99,2025-11-25
2025-11-24,756,12.8792,7.8867,2025-11-25
2025-11-24,882,12.9755,7.8184,2025-11-25
2025-11-24,1008,13.0948,7.7644,2025-11-25
2025-11-24,1134,13.218,7.7157,2025-11-25
2025-11-24,1260,13.3343,7.6689,2025-11-25
2025-11-24,1386,13.4377,7.623,2025-11-25
2025-11-24,1512,13.5251,7.578,2025-11-25
2025-11-24,1638,13.5954,7.5341,2025-11-25
2025-11-24,1764,13.6484,7.4916,2025-11-25
2025-11-24,1890,13.6848,7.451,2025-11-25
2025-11-24,2016,13.7054,7.4124,2025-11-25
2025-11-24,2142,13.7113,7.3759,2025-11-25
2025-11-24,2268,13.7038,7.3415,2025-11-25
2025-11-25,252,13.6088,9.246,2025-11-25
2025-11-25,378,13.0851,8.5159,2025-11-25
2025-11-25,504,12.8358,8.1631,2025-11-25
2025-11-25,630,12.7731,7.9817,2025-11-25
2025-11-25,756,12.8194,7.8761,2025-11-25
2025-11-25,882,12.9218,7.8026,2025-11-25
2025-11-25,1008,13.0473,7.7422,2025-11-25
2025-11-25,1134,13.1764,7.6869,2025-11-25
2025-11-25,1260,13.298,7.6341,2025-11-25
2025-11-25,1386,13.4058,7.583,2025-11-25
2025-11-25,1512,13.497,7.5336,2025-11-25
2025-11-25,1638,13.5703,7.4862,2025-11-25
2025-11-25,1764,13.6256,7.4411,2025-11-25
2025-11-25,1890,13.6635,7.3986,2025-11-25
2025-11-25,2016,13.685,7.3586,2025-11-25
2025-11-25,2142,13.6913,7.3212,2025-11-25
2025-11-25,2268,13.6836,7.2863,2025-11-25
2025-11-26,252,13.6155,9.207,2025-11-27
2025-11-26,378,13.0889,8.4915,2025-11-27
2025-11-26,504,12.8309,8.1409,2025-11-27
2025-11-26,630,12.7566,7.9569,2025-11-27
2025-11-26,756,12.7902,7.8472,2025-11-27
2025-11-26,882,12.8801,7.77,2025-11-27
2025-11-26,1008,12.9939,7.7066,2025-11-27
2025-11-26,1134,13.1125,7.6494,2025-11-27
2025-11-26,1260,13.2247,7.5955,2025-11-27
2025-11-26,1386,13.3246,7.544,2025-11-27
2025-11-26,1512,13.4091,7.4948,2025-11-27
2025-11-26,1638,13.4768,7.448,2025-11-27
2025-11-26,1764,13.5278,7.4038,2025-11-27
2025-11-26,1890,13.5623,7.3624,2025-11-27
2025-11-26,2016,13.5814,7.3236,2025-11-27
2025-11-26,2142,13.5861,7.2875,2025-11-27
2025-11-26,2268,13.5776,7.254,2025-11-27
2025-11-27,252,13.6309,9.2189,2025-11-28
2025-11-27,378,13.1081,8.5073,2025-11-28
2025-11-27,504,12.8488,8.1569,2025-11-28
2025-11-27,630,12.7694,7.9703,2025-11-28
2025-11-27,756,12.7956,7.8569,2025-11-28
2025-11-27,882,12.8769,7.7756,2025-11-28
2025-11-27,1008,12.9819,7.7086,2025-11-28
2025-11-27,1134,13.0919,7.6484,2025-11-28
2025-11-27,1260,13.1963,7.5922,2025-11-28
2025-11-27,1386,13.2892,7.5391,2025-11-28
2025-11-27,1512,13.3675,7.4888,2025-11-28
2025-11-27,1638,13.4301,7.4415,2025-11-28
2025-11-27,1764,13.4768,7.3971,2025-11-28
2025-11-27,1890,13.508,7.3557,2025-11-28
2025-11-27,2016,13.5246,7.3172,2025-11-28
2025-11-27,2142,13.5276,7.2816,2025-11-28
2025-11-27,2268,13.518,7.2486,2025-11-28
2025-11-28,252,13.6572,9.2464,2025-11-30
2025-11-28,378,13.1408,8.5446,2025-11-30
2025-11-28,504,12.8794,8.1941,2025-11-30
2025-11-28,630,12.793,8.004,2025-11-30
2025-11-28,756,12.81,7.8862,2025-11-30
2025-11-28,882,12.8813,7.8009,2025-11-30
2025-11-28,1008,12.9766,7.7306,2025-11-30
2025-11-28,1134,13.0776,7.6678,2025-11-30
2025-11-28,1260,13.174,7.6096,2025-11-30
2025-11-28,1386,13.2599,7.5551,2025-11-30
2025-11-28,1512,13.3324,7.504,2025-11-30
2025-11-28,1638,13.3902,7.4561,2025-11-30
2025-11-28,1764,13.433,7.4114,2025-11-30
2025-11-28,1890,13.4614,7.37,2025-11-30
2025-11-28,2016,13.476,7.3316,2025-11-30
2025-11-28,2142,13.4778,7.2961,2025-11-30
2025-11-28,2268,13.4679,7.2633,2025-11-30
2025-12-03,252,13.6498,9.1599,2025-12-03
2025-12-03,378,13.1366,8.4731,2025-12-03
2025-12-03,504,12.872,8.1234,2025-12-03
2025-12-03,630,12.7771,7.9283,2025-12-03
2025-12-03,756,12.7825,7.8042,2025-12-03
2025-12-03,882,12.8407,7.7131,2025-12-03
2025-12-03,1008,12.9226,7.6382,2025-12-03
2025-12-03,1134,13.0107,7.5721,2025-12-03
2025-12-03,1260,13.0951,7.5119,2025-12-03
2025-12-03,1386,13.1703,7.4564,2025-12-03
2025-12-03,1512,13.2333,7.4049,2025-12-03
2025-12-03,1638,13.283,7.3574,2025-12-03
2025-12-03,1764,13.3191,7.3136,2025-12-03
2025-12-03,1890,13.342,7.2733,2025-12-03
2025-12-03,2016,13.3524,7.2362,2025-12-03
2025-12-03,2142,13.351,7.2022,2025-12-03
2025-12-03,2268,13.3389,7.171,2025-12-03
2025-12-04,252,13.5976,9.169,2025-12-04
2025-12-04,378,13.0787,8.4718,2025-12-04
2025-12-04,504,12.8143,8.1153,2025-12-04
2025-12-04,630,12.7218,7.9147,2025-12-04
2025-12-04,756,12.7297,7.7857,2025-12-04
2025-12-04,882,12.79,7.6903,2025-12-04
2025-12-04,1008,12.8733,7.6118,2025-12-04
2025-12-04,1134,12.9622,7.5429,2025-12-04
2025-12-04,1260,13.0469,7.4804,2025-12-04
2025-12-04,1386,13.1219,7.4231,2025-12-04
2025-12-04,1512,13.1845,7.3705,2025-12-04
2025-12-04,1638,13.2336,7.322,2025-12-04
2025-12-04,1764,13.2688,7.2776,2025-12-04
2025-12-04,1890,13.2907,7.2368,2025-12-04
2025-12-04,2016,13.3,7.1995,2025-12-04
2025-12-04,2142,13.2975,7.1654,2025-12-04
2025-12-04,2268,13.2842,7.1341,2025-12-04
2025-12-05,252,13.8748,9.3487,2025-12-08
2025-12-05,378,13.4916,8.6357,2025-12-08
2025-12-05,504,13.319,8.2912,2025-12-08
2025-12-05,630,13.2819,8.1039,2025-12-08
2025-12-05,756,13.3197,7.9832,2025-12-08
2025-12-05,882,13.3936,7.8913,2025-12-08
2025-12-05,1008,13.4804,7.813,2025-12-08
2025-12-05,1134,13.5672,7.7423,2025-12-08
2025-12-05,1260,13.6468,7.6772,2025-12-08
2025-12-05,1386,13.7155,7.6171,2025-12-08
2025-12-05,1512,13.7717,7.5616,2025-12-08
2025-12-05,1638,13.8149,7.5105,2025-12-08
2025-12-05,1764,13.8452,7.4638,2025-12-08
2025-12-05,1890,13.8634,7.4211,2025-12-08
2025-12-05,2016,13.8703,7.3821,2025-12-08
2025-12-05,2142,13.8668,7.3465,2025-12-08
2025-12-05,2268,13.8538,7.3141,2025-12-08
2025-12-08,252,13.7882,9.3265,2025-12-08
2025-12-08,378,13.3794,8.601,2025-12-08
2025-12-08,504,13.2065,8.2648,2025-12-08
2025-12-08,630,13.1782,8.0891,2025-12-08
2025-12-08,756,13.226,7.978,2025-12-08
2025-12-08,882,13.3078,7.8925,2025-12-08
2025-12-08,1008,13.4,7.8179,2025-12-08
2025-12-08,1134,13.4896,7.7491,2025-12-08
2025-12-08,1260,13.57,7.6845,2025-12-08
2025-12-08,1386,13.6377,7.624,2025-12-08
2025-12-08,1512,13.6915,7.5677,2025-12-08
2025-12-08,1638,13.7312,7.5156,2025-12-08
2025-12-08,1764,13.7573,7.4676,2025-12-08
2025-12-08,1890,13.7705,7.4237,2025-12-08
2025-12-08,2016,13.772,7.3836,2025-12-08
2025-12-08,2142,13.7627,7.3469,2025-12-08
2025-12-08,2268,13.7438,7.3133,2025-12-08
2025-12-09,252,13.7591,9.3183,2025-12-10
2025-12-09,378,13.3513,8.6129,2025-12-10
2025-12-09,504,13.1887,8.3004,2025-12-10
2025-12-09,630,13.1738,8.1452,2025-12-10
2025-12-09,756,13.2346,8.0494,2025-12-10
2025-12-09,882,13.328,7.9743,2025-12-10
2025-12-09,1008,13.43,7.9059,2025-12-10
2025-12-09,1134,13.5276,7.84,2025-12-10
2025-12-09,1260,13.6141,7.7762,2025-12-10
2025-12-09,1386,13.6866,7.7149,2025-12-10
2025-12-09,1512,13.7437,7.6568,2025-12-10
2025-12-09,1638,13.7856,7.6023,2025-12-10
2025-12-09,1764,13.8127,7.5516,2025-12-10
2025-12-09,1890,13.8262,7.5048,2025-12-10
2025-12-09,2016,13.8271,7.4618,2025-12-10
2025-12-09,2142,13.8166,7.4223,2025-12-10
2025-12-09,2268,13.7959,7.386,2025-12-10
2025-12-10,252,13.776,9.3508,2025-12-11
2025-12-10,378,13.4042,8.6392,2025-12-11
2025-12-10,504,13.2677,8.3298,2025-12-11
2025-12-10,630,13.2691,8.1793,2025-12-11
2025-12-10,756,13.3392,8.0872,2025-12-11
2025-12-10,882,13.4376,8.0141,2025-12-11
2025-12-10,1008,13.5417,7.9461,2025-12-11
2025-12-10,1134,13.6399,7.8795,2025-12-11
2025-12-10,1260,13.726,7.8141,2025-12-11
2025-12-10,1386,13.7975,7.7508,2025-12-11
2025-12-10,1512,13.8534,7.6904,2025-12-11
2025-12-10,1638,13.894,7.6336,2025-12-11
2025-12-10,1764,13.92,7.5806,2025-12-11
2025-12-10,1890,13.9324,7.5316,2025-12-11
2025-12-10,2016,13.9324,7.4864,2025-12-11
2025-12-10,2142,13.9212,7.4449,2025-12-11
2025-12-11,252,13.7569,9.3352,2025-12-12
2025-12-11,378,13.3469,8.6204,2025-12-12
2025-12-11,504,13.187,8.2951,2025-12-12
2025-12-11,630,13.1768,8.1276,2025-12-12
2025-12-11,756,13.2425,8.0213,2025-12-12
2025-12-11,882,13.34,7.9377,2025-12-12
2025-12-11,1008,13.4451,7.8626,2025-12-12
2025-12-11,1134,13.5448,7.7915,2025-12-12
2025-12-11,1260,13.6325,7.7236,2025-12-12
2025-12-11,1386,13.7051,7.6593,2025-12-12
2025-12-11,1512,13.7616,7.5989,2025-12-12
2025-12-11,1638,13.8022,7.5427,2025-12-12
2025-12-11,1764,13.8275,7.4907,2025-12-12
2025-12-11,1890,13.8386,7.4429,2025-12-12
2025-12-11,2016,13.8368,7.3992,2025-12-12
2025-12-11,2142,13.8233,7.3591,2025-12-12
2025-12-12,252,13.6529,9.2162,2025-12-15
2025-12-12,378,13.2121,8.4989,2025-12-15
2025-12-12,504,13.0387,8.1847,2025-12-15
2025-12-12,630,13.0248,8.0321,2025-12-15
2025-12-12,756,13.0917,7.94,2025-12-15
2025-12-12,882,13.1927,7.8685,2025-12-15
2025-12-12,1008,13.302,7.8032,2025-12-15
2025-12-12,1134,13.4059,7.7398,2025-12-15
2025-12-12,1260,13.4972,7.6781,2025-12-15
2025-12-12,1386,13.5728,7.6185,2025-12-15
2025-12-12,1512,13.6316,7.5619,2025-12-15
2025-12-12,1638,13.6737,7.5086,2025-12-15
2025-12-12,1764,13.6997,7.4591,2025-12-15
2025-12-12,1890,13.711,7.4133,2025-12-15
2025-12-12,2016,13.7086,7.3712,2025-12-15
2025-12-12,2142,13.694,7.3325,2025-12-15
2025-12-15,252,13.6306,9.1915,2025-12-16
2025-12-15,378,13.1941,8.4652,2025-12-16
2025-12-15,504,13.0208,8.1456,2025-12-16
2025-12-15,630,13.0037,7.9908,2025-12-16
2025-12-15,756,13.0659,7.8988,2025-12-16
2025-12-15,882,13.1616,7.8288,2025-12-16
2025-12-15,1008,13.2656,7.7657,2025-12-16
2025-12-15,1134,13.3645,7.7049,2025-12-16
2025-12-15,1260,13.4515,7.6457,2025-12-16
2025-12-15,1386,13.5233,7.5886,2025-12-16
2025-12-15,1512,13.579,7.5343,2025-12-16
2025-12-15,1638,13.6185,7.4832,2025-12-16
2025-12-15,1764,13.6426,7.4356,2025-12-16
2025-12-15,1890,13.6524,7.3916,2025-12-16
2025-12-15,2016,13.6492,7.3511,2025-12-16
2025-12-15,2142,13.6341,7.3139,2025-12-16
2025-12-16,252,13.6641,9.2492,2025-12-17
2025-12-16,378,13.2573,8.555,2025-12-17
2025-12-16,504,13.1064,8.2265,2025-12-17
2025-12-16,630,13.1044,8.0596,2025-12-17
2025-12-16,756,13.1761,7.9612,2025-12-17
2025-12-16,882,13.2776,7.8901,2025-12-17
2025-12-16,1008,13.385,7.8292,2025-12-17
2025-12-16,1134,13.4856,7.7719,2025-12-17
2025-12-16,1260,13.5733,7.7163,2025-12-17
2025-12-16,1386,13.6451,7.6623,2025-12-17
2025-12-16,1512,13.7004,7.6102,2025-12-17
2025-12-16,1638,13.7393,7.5604,2025-12-17
2025-12-16,1764,13.7628,7.5133,2025-12-17
2025-12-16,1890,13.7718,7.4692,2025-12-17
2025-12-16,2016,13.7678,7.4279,2025-12-17
2025-12-16,2142,13.7521,7.3896,2025-12-17
