Data;ICE Com Ajuste Sazonal - Índice de Confiança Empresarial (CNAE 2.0)(1428467);ICS Com Ajuste Sazonal - Índice de Confiança de Serviços (CNAE 2.0)(1416217);ICOM Com ajuste Sazonal-Índice de Confiança do Varejo Ampliado (CNAE 2.0)(1416226);ICST Com ajuste Sazonal - Índice de Confiança da Construção (CNAE 2.0)(1416232);Índice de Confiança do Consumidor com Ajuste Sazonal(1006982);ICI Com Ajuste Sazonal - Índice de Confiança da Indústria (CNAE 2.0)(1416212)
01/2001;104,800; - ; - ; - ; - ;105,700
02/2001;103,600; - ; - ; - ; - ;107,000
03/2001;103,300; - ; - ; - ; - ;103,400
04/2001;102,100; - ; - ; - ; - ;101,700
05/2001;101,100; - ; - ; - ; - ;98,300
06/2001;98,900; - ; - ; - ; - ;94,300
07/2001;96,400; - ; - ; - ; - ;89,100
08/2001;93,900; - ; - ; - ; - ;85,800
09/2001;90,700; - ; - ; - ; - ;83,500
10/2001;88,300; - ; - ; - ; - ;82,900
11/2001;91,900; - ; - ; - ; - ;92,200
12/2001;94,600; - ; - ; - ; - ;99,800
01/2002;97,600; - ; - ; - ; - ;99,400
02/2002;97,800; - ; - ; - ; - ;101,700
03/2002;98,500; - ; - ; - ; - ;99,500
04/2002;99,300; - ; - ; - ; - ;99,900
05/2002;99,500; - ; - ; - ; - ;97,000
06/2002;99,100; - ; - ; - ; - ;94,200
07/2002;98,700; - ; - ; - ; - ;90,300
08/2002;98,500; - ; - ; - ; - ;90,800
09/2002;98,400; - ; - ; - ; - ;92,200
10/2002;99,000; - ; - ; - ; - ;95,000
11/2002;99,000; - ; - ; - ; - ;100,800
12/2002;98,600; - ; - ; - ; - ;105,200
01/2003;98,200; - ; - ; - ; - ;102,700
02/2003;96,800; - ; - ; - ; - ;102,100
03/2003;95,200; - ; - ; - ; - ;97,500
04/2003;93,900; - ; - ; - ; - ;95,000
05/2003;91,800; - ; - ; - ; - ;91,000
06/2003;89,200; - ; - ; - ; - ;86,800
07/2003;86,200; - ; - ; - ; - ;81,800
08/2003;92,300; - ; - ; - ; - ;86,600
09/2003;98,400; - ; - ; - ; - ;92,500
10/2003;105,200; - ; - ; - ; - ;99,600
11/2003;104,800; - ; - ; - ; - ;104,600
12/2003;104,400; - ; - ; - ; - ;108,000
01/2004;103,500; - ; - ; - ; - ;106,200
02/2004;103,900; - ; - ; - ; - ;107,400
03/2004;104,700; - ; - ; - ; - ;105,900
04/2004;104,900; - ; - ; - ; - ;106,000
05/2004;109,500; - ; - ; - ; - ;107,700
06/2004;113,100; - ; - ; - ; - ;109,100
07/2004;117,200; - ; - ; - ; - ;110,300
08/2004;116,000; - ; - ; - ; - ;109,600
09/2004;115,300; - ; - ; - ; - ;110,400
10/2004;114,700; - ; - ; - ; - ;112,400
11/2004;113,800; - ; - ; - ; - ;113,000
12/2004;111,700; - ; - ; - ; - ;112,300
01/2005;109,400; - ; - ; - ; - ;106,800
02/2005;106,500; - ; - ; - ; - ;106,600
03/2005;103,900; - ; - ; - ; - ;103,500
04/2005;101,300; - ; - ; - ; - ;102,100
05/2005;101,000; - ; - ; - ; - ;99,800
06/2005;99,800; - ; - ; - ; - ;97,300
07/2005;98,600; - ; - ; - ; - ;95,000
08/2005;98,800; - ; - ; - ; - ;93,800
09/2005;99,000; - ; - ; - ;87,300;94,300
10/2005;99,400; - ; - ; - ;89,600;95,200
11/2005;97,000; - ; - ; - ;87,400;96,400
12/2005;100,000; - ; - ; - ;88,900;98,400
01/2006;100,600; - ; - ; - ;93,700;99,500
02/2006;101,100; - ; - ; - ;93,100;101,300
03/2006;101,600; - ; - ; - ;93,500;101,500
04/2006;101,100; - ; - ; - ;91,700;103,600
05/2006;97,900; - ; - ; - ;90,800;99,700
06/2006;100,700; - ; - ; - ;90,600;99,700
07/2006;102,700; - ; - ; - ;91,000;101,000
08/2006;101,700; - ; - ; - ;91,400;98,800
09/2006;103,000; - ; - ; - ;90,800;101,000
10/2006;101,900; - ; - ; - ;94,300;100,400
11/2006;105,400; - ; - ; - ;96,100;104,000
12/2006;105,700; - ; - ; - ;98,200;105,600
01/2007;105,100; - ; - ; - ;97,800;103,700
02/2007;107,300; - ; - ; - ;99,000;108,200
03/2007;110,000; - ; - ; - ;96,000;109,700
04/2007;111,000; - ; - ; - ;96,700;111,100
05/2007;111,900; - ; - ; - ;99,300;111,300
06/2007;112,700; - ; - ; - ;100,400;110,800
07/2007;114,400; - ; - ; - ;98,700;112,500
08/2007;113,000; - ; - ; - ;99,000;112,100
09/2007;113,000; - ; - ; - ;98,900;112,800
10/2007;115,900; - ; - ; - ;101,400;114,900
11/2007;115,500; - ; - ; - ;102,400;114,900
12/2007;115,200; - ; - ; - ;108,400;115,200
01/2008;111,100; - ; - ; - ;103,100;112,800
02/2008;110,600; - ; - ; - ;104,600;113,200
03/2008;111,400; - ; - ; - ;108,500;112,900
04/2008;110,400; - ; - ; - ;103,000;111,400
05/2008;109,800; - ; - ; - ;105,100;112,500
06/2008;112,800;110,300; - ; - ;98,400;114,700
07/2008;112,600;108,800; - ; - ;94,300;113,500
08/2008;114,200;109,500; - ; - ;97,100;113,900
09/2008;108,900;103,500; - ; - ;99,800;111,200
10/2008;99,500;95,600; - ; - ;89,800;102,200
11/2008;84,400;88,200; - ; - ;84,800;84,100
12/2008;79,100;85,800; - ; - ;84,800;74,300
01/2009;79,300;84,700; - ; - ;86,400;74,800
02/2009;79,600;86,300; - ; - ;84,900;76,800
03/2009;79,900;85,700; - ; - ;87,700;79,000
04/2009;84,800;91,200; - ; - ;88,200;84,100
05/2009;89,200;94,000; - ; - ;90,100;88,500
06/2009;92,800;95,400; - ; - ;94,200;93,100
07/2009;96,200;97,100; - ; - ;96,600;97,000
08/2009;100,100;99,500; - ; - ;95,900;100,800
09/2009;103,500;103,000; - ; - ;97,100;105,500
10/2009;106,300;103,200; - ; - ;97,800;109,600
11/2009;109,800;105,300; - ; - ;99,400;112,300
12/2009;111,800;108,200; - ; - ;97,600;113,300
01/2010;113,400;108,500; - ; - ;99,400;113,100
02/2010;112,600;109,300; - ; - ;96,800;115,700
03/2010;114,800;112,000;116,000; - ;99,000;115,800
04/2010;112,500;109,100;114,200; - ;101,400;115,700
05/2010;113,000;109,700;114,200; - ;103,500;116,000
06/2010;112,500;108,800;111,700; - ;105,000;114,300
07/2010;111,400;107,900;111,700;115,900;104,000;112,400
08/2010;112,000;110,100;109,900;114,600;105,700;112,500
09/2010;112,000;110,400;108,700;113,200;106,500;113,600
10/2010;112,800;111,100;112,000;112,500;106,000;113,800
11/2010;112,800;111,400;110,400;111,700;109,300;112,800
12/2010;112,000;111,600;106,200;112,100;107,100;112,700
01/2011;110,400;110,200;105,600;111,600;108,400;110,700
02/2011;110,700;110,400;110,100;111,500;108,500;112,200
03/2011;108,800;109,200;105,500;109,900;106,200;112,600
04/2011;109,300;111,000;109,100;110,800;103,300;111,500
05/2011;109,600;110,600;106,500;111,100;102,600;109,700
06/2011;109,300;110,200;107,700;109,500;104,700;107,600
07/2011;109,300;110,600;106,600;109,100;108,800;104,000
08/2011;107,200;108,100;106,000;107,400;104,000;101,800
09/2011;105,600;106,900;106,100;105,000;100,100;100,300
10/2011;105,100;107,000;102,200;104,700;103,400;102,100
11/2011;104,700;107,100;103,500;104,800;105,700;101,400
12/2011;104,500;106,700;103,200;104,700;107,000;101,500
01/2012;103,300;106,100;102,400;105,300;103,600;103,300
02/2012;103,300;106,900;104,200;106,200;106,800;101,400
03/2012;104,200;107,500;107,800;105,600;109,800;101,700
04/2012;102,800;106,600;105,500;104,100;113,200;101,100
05/2012;103,200;105,500;103,900;104,100;112,400;101,100
06/2012;102,300;103,900;106,100;103,600;109,600;100,200
07/2012;102,900;102,800;105,700;103,100;108,000;99,100
08/2012;103,900;101,000;103,900;102,700;106,600;102,500
09/2012;104,400;101,700;106,800;103,700;107,100;104,600
10/2012;104,100;102,100;105,100;102,000;108,000;106,500
11/2012;104,700;104,500;104,600;102,100;106,600;105,400
12/2012;104,000;102,600;103,900;101,600;105,600;106,400
01/2013;103,000;102,000;101,100;101,100;106,300;106,800
02/2013;102,300;102,100;102,100;100,300;105,200;106,400
03/2013;102,200;102,200;103,100;101,800;102,300;105,600
04/2013;101,200;99,900;104,800;101,300;103,200;105,000
05/2013;102,900;101,800;105,100;100,400;102,800;105,300
06/2013;103,200;101,100;104,600;100,600;102,300;104,200
07/2013;100,500;97,600;102,400;99,300;99,200;99,800
08/2013;101,000;99,400;101,900;98,000;101,500;100,800
09/2013;102,000;100,700;101,900;98,600;101,900;101,300
10/2013;101,500;98,400;103,100;99,900;101,100;100,400
11/2013;99,600;98,600;102,100;98,800;102,200;100,700
12/2013;99,100;99,500;100,700;97,800;100,600;100,500
01/2014;97,200;97,700;98,700;97,900;98,800;100,000
02/2014;97,200;98,400;97,500;96,700;96,900;99,100
03/2014;97,700;98,400;100,600;96,700;97,500;97,700
04/2014;95,700;95,800;97,800;93,200;96,300;97,000
05/2014;91,900;91,700;92,900;94,200;92,500;91,400
06/2014;91,700;92,200;92,500;92,700;93,200;88,100
07/2014;92,100;92,300;96,500;91,500;94,300;87,100
08/2014;91,100;90,100;93,300;91,700;91,400;84,800
09/2014;88,700;89,000;89,100;89,600;92,100;85,800
10/2014;88,200;89,200;89,100;87,800;91,400;87,600
11/2014;87,000;87,200;85,800;86,900;86,000;89,200
12/2014;86,700;87,000;87,400;87,000;86,500;87,900
01/2015;83,600;84,000;84,200;84,000;80,400;87,600
02/2015;81,100;81,200;77,100;80,700;76,600;87,000
03/2015;75,000;74,900;72,700;77,600;74,300;80,500
04/2015;75,500;76,700;72,900;77,900;75,600;78,000
05/2015;75,700;75,500;75,800;75,200;75,100;75,800
06/2015;74,700;74,100;72,600;76,600;73,800;71,900
07/2015;73,600;70,900;69,900;73,000;70,600;73,900
08/2015;72,100;68,600;67,600;72,600;69,200;72,500
09/2015;69,400;65,200;66,200;70,100;64,300;73,600
10/2015;69,600;68,700;63,700;68,900;65,100;77,200
11/2015;71,000;68,900;67,300;70,000;66,000;76,900
12/2015;69,700;69,900;66,000;68,700;64,600;77,400
01/2016;70,800;69,400;68,100;66,800;65,300;78,100
02/2016;69,400;68,500;68,200;67,800;68,300;75,200
03/2016;69,900;68,700;67,600;67,700;66,100;76,500
04/2016;69,700;68,500;68,500;67,100;65,700;77,600
05/2016;72,200;70,700;71,900;69,400;70,500;78,000
06/2016;75,000;73,000;74,100;69,000;72,900;81,100
07/2016;78,600;75,200;75,700;70,500;76,400;85,200
08/2016;80,700;77,200;80,200;72,200;78,400;85,200
09/2016;81,800;78,900;79,200;73,100;79,200;88,000
10/2016;81,500;79,400;79,200;73,500;80,500;87,400
11/2016;81,000;79,000;78,200;72,400;78,200;88,000
12/2016;79,100;77,900;78,600;71,200;73,900;85,700
01/2017;81,500;80,000;79,500;73,600;78,400;89,100
02/2017;81,500;80,500;81,800;74,000;80,900;88,800
03/2017;83,800;83,300;83,600;75,100;83,800;90,400
04/2017;85,000;84,000;86,700;75,600;82,200;91,000
05/2017;86,300;84,600;87,700;74,400;84,100;91,200
06/2017;85,800;82,600;86,200;74,900;82,900;88,500
07/2017;86,800;83,300;85,300;74,900;82,500;90,200
08/2017;87,400;84,100;84,800;76,500;81,500;91,700
09/2017;89,900;85,600;90,000;77,300;83,500;93,100
10/2017;92,600;88,800;92,400;77,800;85,700;96,600
11/2017;92,400;88,800;92,300;78,700;87,100;100,000
12/2017;93,100;90,400;93,600;80,200;87,100;100,600
01/2018;93,100;90,600;93,800;81,400;87,800;100,500
02/2018;93,900;91,800;93,600;80,300;88,000;101,100
03/2018;94,800;91,800;95,600;81,600;91,000;102,200
04/2018;93,600;90,400;95,100;81,500;89,100;100,400
05/2018;93,400;89,200;93,500;82,500;88,300;100,400
06/2018;92,100;87,000;91,200;79,900;83,800;98,000
07/2018;93,100;87,700;90,900;81,400;85,100;99,100
08/2018;93,900;88,800;90,900;79,500;84,500;98,800
09/2018;92,400;88,400;90,300;80,300;82,900;95,800
10/2018;93,300;89,800;93,200;81,900;85,500;94,800
11/2018;96,200;94,700;98,900;84,600;93,000;97,000
12/2018;96,500;95,800;102,200;84,300;92,800;96,200
01/2019;97,800;97,700;102,900;84,100;95,700;98,100
02/2019;96,400;96,100;99,800;83,900;94,600;99,300
03/2019;94,000;93,000;98,100;82,900;91,700;97,100
04/2019;93,700;92,400;97,600;82,900;89,800;97,900
05/2019;92,300;89,800;93,100;81,500;86,000;96,700
06/2019;93,100;91,200;93,600;83,800;88,000;95,000
07/2019;94,900;92,800;95,800;85,800;88,700;94,300
08/2019;95,300;91,600;96,100;87,400;90,100;95,100
09/2019;95,500;93,300;95,900;87,000;89,200;95,400
10/2019;96,000;93,600;97,100;87,600;89,400;95,100
11/2019;97,400;96,000;97,500;88,900;89,400;97,600
12/2019;98,400;97,400;97,000;91,100;91,300;100,000
01/2020;98,500;97,500;99,600;93,800;90,600;101,300
02/2020;98,200;95,900;100,900;92,200;88,500;101,300
03/2020;88,900;83,500;88,500;91,100;80,100;98,100
04/2020;53,000;50,900;62,500;64,800;58,100;58,500
05/2020;59,800;60,100;67,200;68,200;62,100;61,600
06/2020;74,900;70,800;82,200;77,300;70,900;77,000
07/2020;83,200;77,500;84,500;83,600;78,700;89,100
08/2020;91,200;83,200;94,500;87,500;79,700;98,200
09/2020;95,700;86,400;97,300;90,800;82,500;106,200
10/2020;98,300;87,000;94,600;94,700;82,200;111,400
11/2020;97,700;86,100;94,800;93,700;81,700;114,200
12/2020;97,700;87,900;93,900;93,600;78,400;115,300
01/2021;95,400;87,200;94,200;92,800;75,900;111,500
02/2021;93,700;85,400;94,100;92,000;78,200;108,500
03/2021;86,800;78,900;73,800;89,200;68,400;104,800
04/2021;89,400;81,700;85,300;84,600;72,400;103,400
05/2021;93,700;87,100;92,700;87,400;76,300;104,100
06/2021;97,300;92,100;91,900;92,300;80,700;107,000
07/2021;100,800;95,600;98,000;95,600;82,300;107,600
08/2021;101,700;97,000;97,900;96,000;80,700;106,500
09/2021;98,400;95,100;90,500;95,300;74,100;105,900
10/2021;100,200;98,000;92,500;95,300;75,800;105,000
11/2021;98,500;97,500;89,700;95,500;74,500;102,900
12/2021;97,000;98,100;88,400;96,900;76,000;100,600
01/2022;93,300;93,700;89,800;93,700;74,800;98,900
02/2022;92,000;92,600;91,500;94,400;77,900;97,300
03/2022;92,500;93,800;89,000;93,500;75,500;95,700
04/2022;94,800;96,300;87,900;97,300;78,800;97,200
05/2022;96,800;97,400;92,000;96,900;76,300;99,600
06/2022;98,000;96,800;93,000;97,700;78,900;100,500
07/2022;98,100;98,000;91,500;96,600;79,700;98,800
08/2022;100,300;98,000;95,300;97,600;82,100;99,900
09/2022;100,100;99,000;97,500;99,900;86,900;99,100
10/2022;98,100;97,600;95,300;99,300;87,400;95,700
11/2022;93,300;94,100;88,900;95,200;84,100;93,100
12/2022;93,000;94,200;89,600;95,100;87,800;93,800
01/2023;91,000;91,900;88,200;94,300;86,900;93,500
02/2023;91,500;92,300;89,000;94,900;85,700;92,600
03/2023;92,200;93,500;89,000;95,100;88,000;95,000
04/2023;90,300;93,000;85,600;95,500;87,500;94,200
05/2023;90,000;92,900;87,600;94,700;89,800;92,900
06/2023;92,600;94,800;90,300;94,400;91,700;93,300
07/2023;93,100;95,000;88,700;95,200;94,100;91,100
08/2023;94,000;94,800;90,700;95,400;94,800;91,000
09/2023;93,700;94,400;88,900;96,500;94,600;90,400
10/2023;93,200;94,000;87,700;95,500;92,400;90,900
11/2023;94,000;94,600;87,700;96,500;91,400;93,500
12/2023;93,700;93,400;88,900;96,100;92,800;95,700
01/2024;94,500;95,300;90,700;95,500;90,900;97,200
02/2024;93,100;93,900;89,400;96,900;89,500;97,400
03/2024;94,100;95,200;90,500;96,600;91,600;96,500
04/2024;94,400;94,700;91,600;95,600;93,700;96,700
05/2024;94,600;94,100;91,500;96,500;90,600;98,000
06/2024;95,700;94,400;91,300;96,700;91,900;98,500
07/2024;97,900;94,700;91,800;97,300;93,300;101,500
08/2024;99,500;95,000;90,700;97,200;93,300;101,500
09/2024;97,900;94,500;90,800;96,900;93,500;100,400
10/2024;98,300;95,600;90,000;97,400;92,800;99,900
11/2024;96,900;94,900;92,200;96,200;94,400;99,100
12/2024;95,900;94,300;92,100;96,800;91,300;99,700
01/2025;93,600;91,800;89,300;94,900;86,200;98,400
02/2025;92,500;91,700;85,500;94,300;83,600;98,300
03/2025;92,100;92,900;83,100;95,000;84,300;98,400
04/2025;92,100;90,400;87,500;93,600;84,800;98,000
05/2025;93,200;91,900;88,700;93,300;86,700;98,900
06/2025;91,900;90,700;89,300;94,000;85,900;96,800
07/2025;91,700;89,700;87,100;92,700;86,700;94,800
08/2025;89,600;87,100;83,100;91,600;86,200;90,400
09/2025;90,400;89,000;84,700;92,300;87,500;90,500
10/2025;90,100;88,900;86,200;91,600;88,500;89,800
11/2025;90,100;90,100;89,900;92,600;89,800;89,100