sigla,nome,mes_ref,data_divulgacao,pontos,delta_pts,url,titulo
ICC,Confiança do Consumidor (ICC),2005-09,,87.3,,,
ICC,Confiança do Consumidor (ICC),2005-10,,89.6,2.299999999999997,,
ICC,Confiança do Consumidor (ICC),2005-11,,87.4,-2.1999999999999886,,
ICC,Confiança do Consumidor (ICC),2005-12,,88.9,1.5,,
ICC,Confiança do Consumidor (ICC),2006-01,,93.7,4.799999999999997,,
ICC,Confiança do Consumidor (ICC),2006-02,,93.1,-0.6000000000000085,,
ICC,Confiança do Consumidor (ICC),2006-03,,93.5,0.4000000000000057,,
ICC,Confiança do Consumidor (ICC),2006-04,,91.7,-1.7999999999999972,,
ICC,Confiança do Consumidor (ICC),2006-05,,90.8,-0.9000000000000057,,
ICC,Confiança do Consumidor (ICC),2006-06,,90.6,-0.20000000000000284,,
ICC,Confiança do Consumidor (ICC),2006-07,,91.0,0.4000000000000057,,
ICC,Confiança do Consumidor (ICC),2006-08,,91.4,0.4000000000000057,,
ICC,Confiança do Consumidor (ICC),2006-09,,90.8,-0.6000000000000085,,
ICC,Confiança do Consumidor (ICC),2006-10,,94.3,3.5,,
ICC,Confiança do Consumidor (ICC),2006-11,,96.1,1.7999999999999972,,
ICC,Confiança do Consumidor (ICC),2006-12,,98.2,2.1000000000000085,,
ICC,Confiança do Consumidor (ICC),2007-01,,97.8,-0.4000000000000057,,
ICC,Confiança do Consumidor (ICC),2007-02,,99.0,1.2000000000000028,,
ICC,Confiança do Consumidor (ICC),2007-03,,96.0,-3.0,,
ICC,Confiança do Consumidor (ICC),2007-04,,96.7,0.7000000000000028,,
ICC,Confiança do Consumidor (ICC),2007-05,,99.3,2.5999999999999943,,
ICC,Confiança do Consumidor (ICC),2007-06,,100.4,1.1000000000000085,,
ICC,Confiança do Consumidor (ICC),2007-07,,98.7,-1.7000000000000028,,
ICC,Confiança do Consumidor (ICC),2007-08,,99.0,0.29999999999999716,,
ICC,Confiança do Consumidor (ICC),2007-09,,98.9,-0.09999999999999432,,
ICC,Confiança do Consumidor (ICC),2007-10,,101.4,2.5,,
ICC,Confiança do Consumidor (ICC),2007-11,,102.4,1.0,,
ICC,Confiança do Consumidor (ICC),2007-12,,108.4,6.0,,
ICC,Confiança do Consumidor (ICC),2008-01,,103.1,-5.300000000000011,,
ICC,Confiança do Consumidor (ICC),2008-02,,104.6,1.5,,
ICC,Confiança do Consumidor (ICC),2008-03,,108.5,3.9000000000000057,,
ICC,Confiança do Consumidor (ICC),2008-04,,103.0,-5.5,,
ICC,Confiança do Consumidor (ICC),2008-05,,105.1,2.0999999999999943,,
ICC,Confiança do Consumidor (ICC),2008-06,,98.4,-6.699999999999989,,
ICC,Confiança do Consumidor (ICC),2008-07,,94.3,-4.1000000000000085,,
ICC,Confiança do Consumidor (ICC),2008-08,,97.1,2.799999999999997,,
ICC,Confiança do Consumidor (ICC),2008-09,,99.8,2.700000000000003,,
ICC,Confiança do Consumidor (ICC),2008-10,,89.8,-10.0,,
ICC,Confiança do Consumidor (ICC),2008-11,,84.8,-5.0,,
ICC,Confiança do Consumidor (ICC),2008-12,,84.8,0.0,,
ICC,Confiança do Consumidor (ICC),2009-01,,86.4,1.6000000000000085,,
ICC,Confiança do Consumidor (ICC),2009-02,,84.9,-1.5,,
ICC,Confiança do Consumidor (ICC),2009-03,,87.7,2.799999999999997,,
ICC,Confiança do Consumidor (ICC),2009-04,,88.2,0.5,,
ICC,Confiança do Consumidor (ICC),2009-05,,90.1,1.8999999999999915,,
ICC,Confiança do Consumidor (ICC),2009-06,,94.2,4.1000000000000085,,
ICC,Confiança do Consumidor (ICC),2009-07,,96.6,2.3999999999999915,,
ICC,Confiança do Consumidor (ICC),2009-08,,95.9,-0.6999999999999886,,
ICC,Confiança do Consumidor (ICC),2009-09,,97.1,1.1999999999999886,,
ICC,Confiança do Consumidor (ICC),2009-10,,97.8,0.7000000000000028,,
ICC,Confiança do Consumidor (ICC),2009-11,,99.4,1.6000000000000085,,
ICC,Confiança do Consumidor (ICC),2009-12,,97.6,-1.8000000000000114,,
ICC,Confiança do Consumidor (ICC),2010-01,,99.4,1.8000000000000114,,
ICC,Confiança do Consumidor (ICC),2010-02,,96.8,-2.6000000000000085,,
ICC,Confiança do Consumidor (ICC),2010-03,,99.0,2.200000000000003,,
ICC,Confiança do Consumidor (ICC),2010-04,,101.4,2.4000000000000057,,
ICC,Confiança do Consumidor (ICC),2010-05,,103.5,2.0999999999999943,,
ICC,Confiança do Consumidor (ICC),2010-06,,105.0,1.5,,
ICC,Confiança do Consumidor (ICC),2010-07,,104.0,-1.0,,
ICC,Confiança do Consumidor (ICC),2010-08,,105.7,1.7000000000000028,,
ICC,Confiança do Consumidor (ICC),2010-09,,106.5,0.7999999999999972,,
ICC,Confiança do Consumidor (ICC),2010-10,,106.0,-0.5,,
ICC,Confiança do Consumidor (ICC),2010-11,,109.3,3.299999999999997,,
ICC,Confiança do Consumidor (ICC),2010-12,,107.1,-2.200000000000003,,
ICC,Confiança do Consumidor (ICC),2011-01,,108.4,1.3000000000000114,,
ICC,Confiança do Consumidor (ICC),2011-02,,108.5,0.09999999999999432,,
ICC,Confiança do Consumidor (ICC),2011-03,,106.2,-2.299999999999997,,
ICC,Confiança do Consumidor (ICC),2011-04,,103.3,-2.9000000000000057,,
ICC,Confiança do Consumidor (ICC),2011-05,,102.6,-0.7000000000000028,,
ICC,Confiança do Consumidor (ICC),2011-06,,104.7,2.1000000000000085,,
ICC,Confiança do Consumidor (ICC),2011-07,,108.8,4.099999999999994,,
ICC,Confiança do Consumidor (ICC),2011-08,,104.0,-4.799999999999997,,
ICC,Confiança do Consumidor (ICC),2011-09,,100.1,-3.9000000000000057,,
ICC,Confiança do Consumidor (ICC),2011-10,,103.4,3.3000000000000114,,
ICC,Confiança do Consumidor (ICC),2011-11,,105.7,2.299999999999997,,
ICC,Confiança do Consumidor (ICC),2011-12,,107.0,1.2999999999999972,,
ICC,Confiança do Consumidor (ICC),2012-01,,103.6,-3.4000000000000057,,
ICC,Confiança do Consumidor (ICC),2012-02,,106.8,3.200000000000003,,
ICC,Confiança do Consumidor (ICC),2012-03,,109.8,3.0,,
ICC,Confiança do Consumidor (ICC),2012-04,,113.2,3.4000000000000057,,
ICC,Confiança do Consumidor (ICC),2012-05,,112.4,-0.7999999999999972,,
ICC,Confiança do Consumidor (ICC),2012-06,,109.6,-2.8000000000000114,,
ICC,Confiança do Consumidor (ICC),2012-07,,108.0,-1.5999999999999943,,
ICC,Confiança do Consumidor (ICC),2012-08,,106.6,-1.4000000000000057,,
ICC,Confiança do Consumidor (ICC),2012-09,,107.1,0.5,,
ICC,Confiança do Consumidor (ICC),2012-10,,108.0,0.9000000000000057,,
ICC,Confiança do Consumidor (ICC),2012-11,,106.6,-1.4000000000000057,,
ICC,Confiança do Consumidor (ICC),2012-12,,105.6,-1.0,,
ICC,Confiança do Consumidor (ICC),2013-01,,106.3,0.7000000000000028,,
ICC,Confiança do Consumidor (ICC),2013-02,,105.2,-1.0999999999999943,,
ICC,Confiança do Consumidor (ICC),2013-03,,102.3,-2.9000000000000057,,
ICC,Confiança do Consumidor (ICC),2013-04,,103.2,0.9000000000000057,,
ICC,Confiança do Consumidor (ICC),2013-05,,102.8,-0.4000000000000057,,
ICC,Confiança do Consumidor (ICC),2013-06,,102.3,-0.5,,
ICC,Confiança do Consumidor (ICC),2013-07,,99.2,-3.0999999999999943,,
ICC,Confiança do Consumidor (ICC),2013-08,,101.5,2.299999999999997,,
ICC,Confiança do Consumidor (ICC),2013-09,,101.9,0.4000000000000057,,
ICC,Confiança do Consumidor (ICC),2013-10,,101.1,-0.8000000000000114,,
ICC,Confiança do Consumidor (ICC),2013-11,,102.2,1.1000000000000085,,
ICC,Confiança do Consumidor (ICC),2013-12,,100.6,-1.6000000000000085,,
ICC,Confiança do Consumidor (ICC),2014-01,,98.8,-1.7999999999999972,,
ICC,Confiança do Consumidor (ICC),2014-02,,96.9,-1.8999999999999915,,
ICC,Confiança do Consumidor (ICC),2014-03,,97.5,0.5999999999999943,,
ICC,Confiança do Consumidor (ICC),2014-04,,96.3,-1.2000000000000028,,
ICC,Confiança do Consumidor (ICC),2014-05,,92.5,-3.799999999999997,,
ICC,Confiança do Consumidor (ICC),2014-06,,93.2,0.7000000000000028,,
ICC,Confiança do Consumidor (ICC),2014-07,,94.3,1.0999999999999943,,
ICC,Confiança do Consumidor (ICC),2014-08,,91.4,-2.8999999999999915,,
ICC,Confiança do Consumidor (ICC),2014-09,,92.1,0.6999999999999886,,
ICC,Confiança do Consumidor (ICC),2014-10,,91.4,-0.6999999999999886,,
ICC,Confiança do Consumidor (ICC),2014-11,,86.0,-5.400000000000006,,
ICC,Confiança do Consumidor (ICC),2014-12,,86.5,0.5,,
ICC,Confiança do Consumidor (ICC),2015-01,,80.4,-6.099999999999994,,
ICC,Confiança do Consumidor (ICC),2015-02,,76.6,-3.8000000000000114,,
ICC,Confiança do Consumidor (ICC),2015-03,,74.3,-2.299999999999997,,
ICC,Confiança do Consumidor (ICC),2015-04,,75.6,1.2999999999999972,,
ICC,Confiança do Consumidor (ICC),2015-05,,75.1,-0.5,,
ICC,Confiança do Consumidor (ICC),2015-06,,73.8,-1.2999999999999972,,
ICC,Confiança do Consumidor (ICC),2015-07,,70.6,-3.200000000000003,,
ICC,Confiança do Consumidor (ICC),2015-08,,69.2,-1.3999999999999915,,
ICC,Confiança do Consumidor (ICC),2015-09,,64.3,-4.900000000000006,,
ICC,Confiança do Consumidor (ICC),2015-10,,65.1,0.7999999999999972,,
ICC,Confiança do Consumidor (ICC),2015-11,,66.0,0.9000000000000057,,
ICC,Confiança do Consumidor (ICC),2015-12,,64.6,-1.4000000000000057,,
ICC,Confiança do Consumidor (ICC),2016-01,,65.3,0.7000000000000028,,
ICC,Confiança do Consumidor (ICC),2016-02,,68.3,3.0,,
ICC,Confiança do Consumidor (ICC),2016-03,,66.1,-2.200000000000003,,
ICC,Confiança do Consumidor (ICC),2016-04,,65.7,-0.3999999999999915,,
ICC,Confiança do Consumidor (ICC),2016-05,,70.5,4.799999999999997,,
ICC,Confiança do Consumidor (ICC),2016-06,,72.9,2.4000000000000057,,
ICC,Confiança do Consumidor (ICC),2016-07,,76.4,3.5,,
ICC,Confiança do Consumidor (ICC),2016-08,,78.4,2.0,,
ICC,Confiança do Consumidor (ICC),2016-09,,79.2,0.7999999999999972,,
ICC,Confiança do Consumidor (ICC),2016-10,,80.5,1.2999999999999972,,
ICC,Confiança do Consumidor (ICC),2016-11,,78.2,-2.299999999999997,,
ICC,Confiança do Consumidor (ICC),2016-12,,73.9,-4.299999999999997,,
ICC,Confiança do Consumidor (ICC),2017-01,,78.4,4.5,,
ICC,Confiança do Consumidor (ICC),2017-02,,80.9,2.5,,
ICC,Confiança do Consumidor (ICC),2017-03,,83.8,2.8999999999999915,,
ICC,Confiança do Consumidor (ICC),2017-04,,82.2,-1.5999999999999943,,
ICC,Confiança do Consumidor (ICC),2017-05,,84.1,1.8999999999999915,,
ICC,Confiança do Consumidor (ICC),2017-06,,82.9,-1.1999999999999886,,
ICC,Confiança do Consumidor (ICC),2017-07,,82.5,-0.4000000000000057,,
ICC,Confiança do Consumidor (ICC),2017-08,,81.5,-1.0,,
ICC,Confiança do Consumidor (ICC),2017-09,,83.5,2.0,,
ICC,Confiança do Consumidor (ICC),2017-10,,85.7,2.200000000000003,,
ICC,Confiança do Consumidor (ICC),2017-11,,87.1,1.3999999999999915,,
ICC,Confiança do Consumidor (ICC),2017-12,,87.1,0.0,,
ICC,Confiança do Consumidor (ICC),2018-01,,87.8,0.7000000000000028,,
ICC,Confiança do Consumidor (ICC),2018-02,,88.0,0.20000000000000284,,
ICC,Confiança do Consumidor (ICC),2018-03,,91.0,3.0,,
ICC,Confiança do Consumidor (ICC),2018-04,,89.1,-1.9000000000000057,,
ICC,Confiança do Consumidor (ICC),2018-05,,88.3,-0.7999999999999972,,
ICC,Confiança do Consumidor (ICC),2018-06,,83.8,-4.5,,
ICC,Confiança do Consumidor (ICC),2018-07,,85.1,1.2999999999999972,,
ICC,Confiança do Consumidor (ICC),2018-08,,84.5,-0.5999999999999943,,
ICC,Confiança do Consumidor (ICC),2018-09,,82.9,-1.5999999999999943,,
ICC,Confiança do Consumidor (ICC),2018-10,,85.5,2.5999999999999943,,
ICC,Confiança do Consumidor (ICC),2018-11,,93.0,7.5,,
ICC,Confiança do Consumidor (ICC),2018-12,,92.8,-0.20000000000000284,,
ICC,Confiança do Consumidor (ICC),2019-01,,95.7,2.9000000000000057,,
ICC,Confiança do Consumidor (ICC),2019-02,,94.6,-1.1000000000000085,,
ICC,Confiança do Consumidor (ICC),2019-03,,91.7,-2.8999999999999915,,
ICC,Confiança do Consumidor (ICC),2019-04,,89.8,-1.9000000000000057,,
ICC,Confiança do Consumidor (ICC),2019-05,,86.0,-3.799999999999997,,
ICC,Confiança do Consumidor (ICC),2019-06,,88.0,2.0,,
ICC,Confiança do Consumidor (ICC),2019-07,,88.7,0.7000000000000028,,
ICC,Confiança do Consumidor (ICC),2019-08,,90.1,1.3999999999999915,,
ICC,Confiança do Consumidor (ICC),2019-09,,89.2,-0.8999999999999915,,
ICC,Confiança do Consumidor (ICC),2019-10,,89.4,0.20000000000000284,,
ICC,Confiança do Consumidor (ICC),2019-11,,89.4,0.0,,
ICC,Confiança do Consumidor (ICC),2019-12,,91.3,1.8999999999999915,,
ICC,Confiança do Consumidor (ICC),2020-01,,90.6,-0.7000000000000028,,
ICC,Confiança do Consumidor (ICC),2020-02,,88.5,-2.0999999999999943,,
ICC,Confiança do Consumidor (ICC),2020-03,,80.1,-8.400000000000006,,
ICC,Confiança do Consumidor (ICC),2020-04,,58.1,-21.999999999999993,,
ICC,Confiança do Consumidor (ICC),2020-05,,62.1,4.0,,
ICC,Confiança do Consumidor (ICC),2020-06,,70.9,8.800000000000004,,
ICC,Confiança do Consumidor (ICC),2020-07,,78.7,7.799999999999997,,
ICC,Confiança do Consumidor (ICC),2020-08,,79.7,1.0,,
ICC,Confiança do Consumidor (ICC),2020-09,,82.5,2.799999999999997,,
ICC,Confiança do Consumidor (ICC),2020-10,,82.2,-0.29999999999999716,,
ICC,Confiança do Consumidor (ICC),2020-11,,81.7,-0.5,,
ICC,Confiança do Consumidor (ICC),2020-12,,78.4,-3.299999999999997,,
ICC,Confiança do Consumidor (ICC),2021-01,,75.9,-2.5,,
ICC,Confiança do Consumidor (ICC),2021-02,,78.2,2.299999999999997,,
ICC,Confiança do Consumidor (ICC),2021-03,,68.4,-9.799999999999997,,
ICC,Confiança do Consumidor (ICC),2021-04,,72.4,4.0,,
ICC,Confiança do Consumidor (ICC),2021-05,,76.3,3.8999999999999915,,
ICC,Confiança do Consumidor (ICC),2021-06,,80.7,4.400000000000006,,
ICC,Confiança do Consumidor (ICC),2021-07,,82.3,1.5999999999999943,,
ICC,Confiança do Consumidor (ICC),2021-08,,80.7,-1.5999999999999943,,
ICC,Confiança do Consumidor (ICC),2021-09,,74.1,-6.6000000000000085,,
ICC,Confiança do Consumidor (ICC),2021-10,,75.8,1.7000000000000028,,
ICC,Confiança do Consumidor (ICC),2021-11,,74.5,-1.2999999999999972,,
ICC,Confiança do Consumidor (ICC),2021-12,,76.0,1.5,,
ICC,Confiança do Consumidor (ICC),2022-01,,74.8,-1.2000000000000028,,
ICC,Confiança do Consumidor (ICC),2022-02,,77.9,3.1000000000000085,,
ICC,Confiança do Consumidor (ICC),2022-03,,75.5,-2.4000000000000057,,
ICC,Confiança do Consumidor (ICC),2022-04,,78.8,3.299999999999997,,
ICC,Confiança do Consumidor (ICC),2022-05,,76.3,-2.5,,
ICC,Confiança do Consumidor (ICC),2022-06,,78.9,2.6000000000000085,,
ICC,Confiança do Consumidor (ICC),2022-07,,79.7,0.7999999999999972,,
ICC,Confiança do Consumidor (ICC),2022-08,,82.1,2.3999999999999915,,
ICC,Confiança do Consumidor (ICC),2022-09,,86.9,4.800000000000011,,
ICC,Confiança do Consumidor (ICC),2022-10,,87.4,0.5,,
ICC,Confiança do Consumidor (ICC),2022-11,,84.1,-3.3000000000000114,,
ICC,Confiança do Consumidor (ICC),2022-12,,87.8,3.700000000000003,,
ICC,Confiança do Consumidor (ICC),2023-01,,86.9,-0.8999999999999915,,
ICC,Confiança do Consumidor (ICC),2023-02,,85.7,-1.2000000000000028,,
ICC,Confiança do Consumidor (ICC),2023-03,,88.0,2.299999999999997,,
ICC,Confiança do Consumidor (ICC),2023-04,,87.5,-0.5,,
ICC,Confiança do Consumidor (ICC),2023-05,,89.8,2.299999999999997,,
ICC,Confiança do Consumidor (ICC),2023-06,,91.7,1.9000000000000057,,
ICC,Confiança do Consumidor (ICC),2023-07,,94.1,2.3999999999999915,,
ICC,Confiança do Consumidor (ICC),2023-08,,94.8,0.7000000000000028,,
ICC,Confiança do Consumidor (ICC),2023-09,,94.6,-0.20000000000000284,,
ICC,Confiança do Consumidor (ICC),2023-10,,92.4,-2.1999999999999886,,
ICC,Confiança do Consumidor (ICC),2023-11,,91.4,-1.0,,
ICC,Confiança do Consumidor (ICC),2023-12,,92.8,1.3999999999999915,,
ICC,Confiança do Consumidor (ICC),2024-01,,90.9,-1.8999999999999915,,
ICC,Confiança do Consumidor (ICC),2024-02,,89.5,-1.4000000000000057,,
ICC,Confiança do Consumidor (ICC),2024-03,,91.6,2.0999999999999943,,
ICC,Confiança do Consumidor (ICC),2024-04,,93.7,2.1000000000000085,,
ICC,Confiança do Consumidor (ICC),2024-05,,90.6,-3.1000000000000085,,
ICC,Confiança do Consumidor (ICC),2024-06,,91.9,1.3000000000000114,,
ICC,Confiança do Consumidor (ICC),2024-07,,93.3,1.3999999999999915,,
ICC,Confiança do Consumidor (ICC),2024-08,,93.3,0.0,,
ICC,Confiança do Consumidor (ICC),2024-09,,93.5,0.20000000000000284,,
ICC,Confiança do Consumidor (ICC),2024-10,,92.8,-0.7000000000000028,,
ICC,Confiança do Consumidor (ICC),2024-11,,94.4,1.6000000000000085,,
ICC,Confiança do Consumidor (ICC),2024-12,,91.3,-3.1000000000000085,,
ICC,Confiança do Consumidor (ICC),2025-01,,86.2,-5.099999999999994,,
ICC,Confiança do Consumidor (ICC),2025-02,,83.6,-2.6000000000000085,,
ICC,Confiança do Consumidor (ICC),2025-03,,84.3,0.7000000000000028,,
ICC,Confiança do Consumidor (ICC),2025-04,,84.8,0.5,,
ICC,Confiança do Consumidor (ICC),2025-05,,86.7,1.9000000000000057,,
ICC,Confiança do Consumidor (ICC),2025-06,,85.9,-0.7999999999999972,,
ICC,Confiança do Consumidor (ICC),2025-07,,86.7,0.7999999999999972,,
ICC,Confiança do Consumidor (ICC),2025-08,,86.2,-0.5,,
ICC,Confiança do Consumidor (ICC),2025-09,,87.5,1.2999999999999972,,
ICC,Confiança do Consumidor (ICC),2025-10,,88.5,1.0,,
ICC,Confiança do Consumidor (ICC),2025-11,,89.8,1.2999999999999972,,
ICE,Confiança Empresarial (ICE),2001-01,,104.8,,,
ICE,Confiança Empresarial (ICE),2001-02,,103.6,-1.2000000000000028,,
ICE,Confiança Empresarial (ICE),2001-03,,103.3,-0.29999999999999716,,
ICE,Confiança Empresarial (ICE),2001-04,,102.1,-1.2000000000000028,,
ICE,Confiança Empresarial (ICE),2001-05,,101.1,-1.0,,
ICE,Confiança Empresarial (ICE),2001-06,,98.9,-2.1999999999999886,,
ICE,Confiança Empresarial (ICE),2001-07,,96.4,-2.5,,
ICE,Confiança Empresarial (ICE),2001-08,,93.9,-2.5,,
ICE,Confiança Empresarial (ICE),2001-09,,90.7,-3.200000000000003,,
ICE,Confiança Empresarial (ICE),2001-10,,88.3,-2.4000000000000057,,
ICE,Confiança Empresarial (ICE),2001-11,,91.9,3.6000000000000085,,
ICE,Confiança Empresarial (ICE),2001-12,,94.6,2.6999999999999886,,
ICE,Confiança Empresarial (ICE),2002-01,,97.6,3.0,,
ICE,Confiança Empresarial (ICE),2002-02,,97.8,0.20000000000000284,,
ICE,Confiança Empresarial (ICE),2002-03,,98.5,0.7000000000000028,,
ICE,Confiança Empresarial (ICE),2002-04,,99.3,0.7999999999999972,,
ICE,Confiança Empresarial (ICE),2002-05,,99.5,0.20000000000000284,,
ICE,Confiança Empresarial (ICE),2002-06,,99.1,-0.4000000000000057,,
ICE,Confiança Empresarial (ICE),2002-07,,98.7,-0.3999999999999915,,
ICE,Confiança Empresarial (ICE),2002-08,,98.5,-0.20000000000000284,,
ICE,Confiança Empresarial (ICE),2002-09,,98.4,-0.09999999999999432,,
ICE,Confiança Empresarial (ICE),2002-10,,99.0,0.5999999999999943,,
ICE,Confiança Empresarial (ICE),2002-11,,99.0,0.0,,
ICE,Confiança Empresarial (ICE),2002-12,,98.6,-0.4000000000000057,,
ICE,Confiança Empresarial (ICE),2003-01,,98.2,-0.3999999999999915,,
ICE,Confiança Empresarial (ICE),2003-02,,96.8,-1.4000000000000057,,
ICE,Confiança Empresarial (ICE),2003-03,,95.2,-1.5999999999999943,,
ICE,Confiança Empresarial (ICE),2003-04,,93.9,-1.2999999999999972,,
ICE,Confiança Empresarial (ICE),2003-05,,91.8,-2.1000000000000085,,
ICE,Confiança Empresarial (ICE),2003-06,,89.2,-2.5999999999999943,,
ICE,Confiança Empresarial (ICE),2003-07,,86.2,-3.0,,
ICE,Confiança Empresarial (ICE),2003-08,,92.3,6.099999999999994,,
ICE,Confiança Empresarial (ICE),2003-09,,98.4,6.1000000000000085,,
ICE,Confiança Empresarial (ICE),2003-10,,105.2,6.799999999999997,,
ICE,Confiança Empresarial (ICE),2003-11,,104.8,-0.4000000000000057,,
ICE,Confiança Empresarial (ICE),2003-12,,104.4,-0.3999999999999915,,
ICE,Confiança Empresarial (ICE),2004-01,,103.5,-0.9000000000000057,,
ICE,Confiança Empresarial (ICE),2004-02,,103.9,0.4000000000000057,,
ICE,Confiança Empresarial (ICE),2004-03,,104.7,0.7999999999999972,,
ICE,Confiança Empresarial (ICE),2004-04,,104.9,0.20000000000000284,,
ICE,Confiança Empresarial (ICE),2004-05,,109.5,4.599999999999994,,
ICE,Confiança Empresarial (ICE),2004-06,,113.1,3.5999999999999943,,
ICE,Confiança Empresarial (ICE),2004-07,,117.2,4.1000000000000085,,
ICE,Confiança Empresarial (ICE),2004-08,,116.0,-1.2000000000000028,,
ICE,Confiança Empresarial (ICE),2004-09,,115.3,-0.7000000000000028,,
ICE,Confiança Empresarial (ICE),2004-10,,114.7,-0.5999999999999943,,
ICE,Confiança Empresarial (ICE),2004-11,,113.8,-0.9000000000000057,,
ICE,Confiança Empresarial (ICE),2004-12,,111.7,-2.0999999999999943,,
ICE,Confiança Empresarial (ICE),2005-01,,109.4,-2.299999999999997,,
ICE,Confiança Empresarial (ICE),2005-02,,106.5,-2.9000000000000057,,
ICE,Confiança Empresarial (ICE),2005-03,,103.9,-2.5999999999999943,,
ICE,Confiança Empresarial (ICE),2005-04,,101.3,-2.6000000000000085,,
ICE,Confiança Empresarial (ICE),2005-05,,101.0,-0.29999999999999716,,
ICE,Confiança Empresarial (ICE),2005-06,,99.8,-1.2000000000000028,,
ICE,Confiança Empresarial (ICE),2005-07,,98.6,-1.2000000000000028,,
ICE,Confiança Empresarial (ICE),2005-08,,98.8,0.20000000000000284,,
ICE,Confiança Empresarial (ICE),2005-09,,99.0,0.20000000000000284,,
ICE,Confiança Empresarial (ICE),2005-10,,99.4,0.4000000000000057,,
ICE,Confiança Empresarial (ICE),2005-11,,97.0,-2.4000000000000057,,
ICE,Confiança Empresarial (ICE),2005-12,,100.0,3.0,,
ICE,Confiança Empresarial (ICE),2006-01,,100.6,0.5999999999999943,,
ICE,Confiança Empresarial (ICE),2006-02,,101.1,0.5,,
ICE,Confiança Empresarial (ICE),2006-03,,101.6,0.5,,
ICE,Confiança Empresarial (ICE),2006-04,,101.1,-0.5,,
ICE,Confiança Empresarial (ICE),2006-05,,97.9,-3.1999999999999886,,
ICE,Confiança Empresarial (ICE),2006-06,,100.7,2.799999999999997,,
ICE,Confiança Empresarial (ICE),2006-07,,102.7,2.0,,
ICE,Confiança Empresarial (ICE),2006-08,,101.7,-1.0,,
ICE,Confiança Empresarial (ICE),2006-09,,103.0,1.2999999999999972,,
ICE,Confiança Empresarial (ICE),2006-10,,101.9,-1.0999999999999943,,
ICE,Confiança Empresarial (ICE),2006-11,,105.4,3.5,,
ICE,Confiança Empresarial (ICE),2006-12,,105.7,0.29999999999999716,,
ICE,Confiança Empresarial (ICE),2007-01,,105.1,-0.6000000000000085,,
ICE,Confiança Empresarial (ICE),2007-02,,107.3,2.200000000000003,,
ICE,Confiança Empresarial (ICE),2007-03,,110.0,2.700000000000003,,
ICE,Confiança Empresarial (ICE),2007-04,,111.0,1.0,,
ICE,Confiança Empresarial (ICE),2007-05,,111.9,0.9000000000000057,,
ICE,Confiança Empresarial (ICE),2007-06,,112.7,0.7999999999999972,,
ICE,Confiança Empresarial (ICE),2007-07,,114.4,1.7000000000000028,,
ICE,Confiança Empresarial (ICE),2007-08,,113.0,-1.4000000000000057,,
ICE,Confiança Empresarial (ICE),2007-09,,113.0,0.0,,
ICE,Confiança Empresarial (ICE),2007-10,,115.9,2.9000000000000057,,
ICE,Confiança Empresarial (ICE),2007-11,,115.5,-0.4000000000000057,,
ICE,Confiança Empresarial (ICE),2007-12,,115.2,-0.29999999999999716,,
ICE,Confiança Empresarial (ICE),2008-01,,111.1,-4.1000000000000085,,
ICE,Confiança Empresarial (ICE),2008-02,,110.6,-0.5,,
ICE,Confiança Empresarial (ICE),2008-03,,111.4,0.8000000000000114,,
ICE,Confiança Empresarial (ICE),2008-04,,110.4,-1.0,,
ICE,Confiança Empresarial (ICE),2008-05,,109.8,-0.6000000000000085,,
ICE,Confiança Empresarial (ICE),2008-06,,112.8,3.0,,
ICE,Confiança Empresarial (ICE),2008-07,,112.6,-0.20000000000000284,,
ICE,Confiança Empresarial (ICE),2008-08,,114.2,1.6000000000000085,,
ICE,Confiança Empresarial (ICE),2008-09,,108.9,-5.299999999999997,,
ICE,Confiança Empresarial (ICE),2008-10,,99.5,-9.400000000000006,,
ICE,Confiança Empresarial (ICE),2008-11,,84.4,-15.099999999999994,,
ICE,Confiança Empresarial (ICE),2008-12,,79.1,-5.300000000000011,,
ICE,Confiança Empresarial (ICE),2009-01,,79.3,0.20000000000000284,,
ICE,Confiança Empresarial (ICE),2009-02,,79.6,0.29999999999999716,,
ICE,Confiança Empresarial (ICE),2009-03,,79.9,0.30000000000001137,,
ICE,Confiança Empresarial (ICE),2009-04,,84.8,4.8999999999999915,,
ICE,Confiança Empresarial (ICE),2009-05,,89.2,4.400000000000006,,
ICE,Confiança Empresarial (ICE),2009-06,,92.8,3.5999999999999943,,
ICE,Confiança Empresarial (ICE),2009-07,,96.2,3.4000000000000057,,
ICE,Confiança Empresarial (ICE),2009-08,,100.1,3.8999999999999915,,
ICE,Confiança Empresarial (ICE),2009-09,,103.5,3.4000000000000057,,
ICE,Confiança Empresarial (ICE),2009-10,,106.3,2.799999999999997,,
ICE,Confiança Empresarial (ICE),2009-11,,109.8,3.5,,
ICE,Confiança Empresarial (ICE),2009-12,,111.8,2.0,,
ICE,Confiança Empresarial (ICE),2010-01,,113.4,1.6000000000000085,,
ICE,Confiança Empresarial (ICE),2010-02,,112.6,-0.8000000000000114,,
ICE,Confiança Empresarial (ICE),2010-03,,114.8,2.200000000000003,,
ICE,Confiança Empresarial (ICE),2010-04,,112.5,-2.299999999999997,,
ICE,Confiança Empresarial (ICE),2010-05,,113.0,0.5,,
ICE,Confiança Empresarial (ICE),2010-06,,112.5,-0.5,,
ICE,Confiança Empresarial (ICE),2010-07,,111.4,-1.0999999999999943,,
ICE,Confiança Empresarial (ICE),2010-08,,112.0,0.5999999999999943,,
ICE,Confiança Empresarial (ICE),2010-09,,112.0,0.0,,
ICE,Confiança Empresarial (ICE),2010-10,,112.8,0.7999999999999972,,
ICE,Confiança Empresarial (ICE),2010-11,,112.8,0.0,,
ICE,Confiança Empresarial (ICE),2010-12,,112.0,-0.7999999999999972,,
ICE,Confiança Empresarial (ICE),2011-01,,110.4,-1.5999999999999943,,
ICE,Confiança Empresarial (ICE),2011-02,,110.7,0.29999999999999716,,
ICE,Confiança Empresarial (ICE),2011-03,,108.8,-1.9000000000000057,,
ICE,Confiança Empresarial (ICE),2011-04,,109.3,0.5,,
ICE,Confiança Empresarial (ICE),2011-05,,109.6,0.29999999999999716,,
ICE,Confiança Empresarial (ICE),2011-06,,109.3,-0.29999999999999716,,
ICE,Confiança Empresarial (ICE),2011-07,,109.3,0.0,,
ICE,Confiança Empresarial (ICE),2011-08,,107.2,-2.0999999999999943,,
ICE,Confiança Empresarial (ICE),2011-09,,105.6,-1.6000000000000085,,
ICE,Confiança Empresarial (ICE),2011-10,,105.1,-0.5,,
ICE,Confiança Empresarial (ICE),2011-11,,104.7,-0.3999999999999915,,
ICE,Confiança Empresarial (ICE),2011-12,,104.5,-0.20000000000000284,,
ICE,Confiança Empresarial (ICE),2012-01,,103.3,-1.2000000000000028,,
ICE,Confiança Empresarial (ICE),2012-02,,103.3,0.0,,
ICE,Confiança Empresarial (ICE),2012-03,,104.2,0.9000000000000057,,
ICE,Confiança Empresarial (ICE),2012-04,,102.8,-1.4000000000000057,,
ICE,Confiança Empresarial (ICE),2012-05,,103.2,0.4000000000000057,,
ICE,Confiança Empresarial (ICE),2012-06,,102.3,-0.9000000000000057,,
ICE,Confiança Empresarial (ICE),2012-07,,102.9,0.6000000000000085,,
ICE,Confiança Empresarial (ICE),2012-08,,103.9,1.0,,
ICE,Confiança Empresarial (ICE),2012-09,,104.4,0.5,,
ICE,Confiança Empresarial (ICE),2012-10,,104.1,-0.30000000000001137,,
ICE,Confiança Empresarial (ICE),2012-11,,104.7,0.6000000000000085,,
ICE,Confiança Empresarial (ICE),2012-12,,104.0,-0.7000000000000028,,
ICE,Confiança Empresarial (ICE),2013-01,,103.0,-1.0,,
ICE,Confiança Empresarial (ICE),2013-02,,102.3,-0.7000000000000028,,
ICE,Confiança Empresarial (ICE),2013-03,,102.2,-0.09999999999999432,,
ICE,Confiança Empresarial (ICE),2013-04,,101.2,-1.0,,
ICE,Confiança Empresarial (ICE),2013-05,,102.9,1.7000000000000028,,
ICE,Confiança Empresarial (ICE),2013-06,,103.2,0.29999999999999716,,
ICE,Confiança Empresarial (ICE),2013-07,,100.5,-2.700000000000003,,
ICE,Confiança Empresarial (ICE),2013-08,,101.0,0.5,,
ICE,Confiança Empresarial (ICE),2013-09,,102.0,1.0,,
ICE,Confiança Empresarial (ICE),2013-10,,101.5,-0.5,,
ICE,Confiança Empresarial (ICE),2013-11,,99.6,-1.9000000000000057,,
ICE,Confiança Empresarial (ICE),2013-12,,99.1,-0.5,,
ICE,Confiança Empresarial (ICE),2014-01,,97.2,-1.8999999999999915,,
ICE,Confiança Empresarial (ICE),2014-02,,97.2,0.0,,
ICE,Confiança Empresarial (ICE),2014-03,,97.7,0.5,,
ICE,Confiança Empresarial (ICE),2014-04,,95.7,-2.0,,
ICE,Confiança Empresarial (ICE),2014-05,,91.9,-3.799999999999997,,
ICE,Confiança Empresarial (ICE),2014-06,,91.7,-0.20000000000000284,,
ICE,Confiança Empresarial (ICE),2014-07,,92.1,0.3999999999999915,,
ICE,Confiança Empresarial (ICE),2014-08,,91.1,-1.0,,
ICE,Confiança Empresarial (ICE),2014-09,,88.7,-2.3999999999999915,,
ICE,Confiança Empresarial (ICE),2014-10,,88.2,-0.5,,
ICE,Confiança Empresarial (ICE),2014-11,,87.0,-1.2000000000000028,,
ICE,Confiança Empresarial (ICE),2014-12,,86.7,-0.29999999999999716,,
ICE,Confiança Empresarial (ICE),2015-01,,83.6,-3.1000000000000085,,
ICE,Confiança Empresarial (ICE),2015-02,,81.1,-2.5,,
ICE,Confiança Empresarial (ICE),2015-03,,75.0,-6.099999999999994,,
ICE,Confiança Empresarial (ICE),2015-04,,75.5,0.5,,
ICE,Confiança Empresarial (ICE),2015-05,,75.7,0.20000000000000284,,
ICE,Confiança Empresarial (ICE),2015-06,,74.7,-1.0,,
ICE,Confiança Empresarial (ICE),2015-07,,73.6,-1.1000000000000085,,
ICE,Confiança Empresarial (ICE),2015-08,,72.1,-1.5,,
ICE,Confiança Empresarial (ICE),2015-09,,69.4,-2.6999999999999886,,
ICE,Confiança Empresarial (ICE),2015-10,,69.6,0.19999999999998863,,
ICE,Confiança Empresarial (ICE),2015-11,,71.0,1.4000000000000057,,
ICE,Confiança Empresarial (ICE),2015-12,,69.7,-1.2999999999999972,,
ICE,Confiança Empresarial (ICE),2016-01,,70.8,1.0999999999999943,,
ICE,Confiança Empresarial (ICE),2016-02,,69.4,-1.3999999999999915,,
ICE,Confiança Empresarial (ICE),2016-03,,69.9,0.5,,
ICE,Confiança Empresarial (ICE),2016-04,,69.7,-0.20000000000000284,,
ICE,Confiança Empresarial (ICE),2016-05,,72.2,2.5,,
ICE,Confiança Empresarial (ICE),2016-06,,75.0,2.799999999999997,,
ICE,Confiança Empresarial (ICE),2016-07,,78.6,3.5999999999999943,,
ICE,Confiança Empresarial (ICE),2016-08,,80.7,2.1000000000000085,,
ICE,Confiança Empresarial (ICE),2016-09,,81.8,1.0999999999999943,,
ICE,Confiança Empresarial (ICE),2016-10,,81.5,-0.29999999999999716,,
ICE,Confiança Empresarial (ICE),2016-11,,81.0,-0.5,,
ICE,Confiança Empresarial (ICE),2016-12,,79.1,-1.9000000000000057,,
ICE,Confiança Empresarial (ICE),2017-01,,81.5,2.4000000000000057,,
ICE,Confiança Empresarial (ICE),2017-02,,81.5,0.0,,
ICE,Confiança Empresarial (ICE),2017-03,,83.8,2.299999999999997,,
ICE,Confiança Empresarial (ICE),2017-04,,85.0,1.2000000000000028,,
ICE,Confiança Empresarial (ICE),2017-05,,86.3,1.2999999999999972,,
ICE,Confiança Empresarial (ICE),2017-06,,85.8,-0.5,,
ICE,Confiança Empresarial (ICE),2017-07,,86.8,1.0,,
ICE,Confiança Empresarial (ICE),2017-08,,87.4,0.6000000000000085,,
ICE,Confiança Empresarial (ICE),2017-09,,89.9,2.5,,
ICE,Confiança Empresarial (ICE),2017-10,,92.6,2.6999999999999886,,
ICE,Confiança Empresarial (ICE),2017-11,,92.4,-0.19999999999998863,,
ICE,Confiança Empresarial (ICE),2017-12,,93.1,0.6999999999999886,,
ICE,Confiança Empresarial (ICE),2018-01,,93.1,0.0,,
ICE,Confiança Empresarial (ICE),2018-02,,93.9,0.8000000000000114,,
ICE,Confiança Empresarial (ICE),2018-03,,94.8,0.8999999999999915,,
ICE,Confiança Empresarial (ICE),2018-04,,93.6,-1.2000000000000028,,
ICE,Confiança Empresarial (ICE),2018-05,,93.4,-0.19999999999998863,,
ICE,Confiança Empresarial (ICE),2018-06,,92.1,-1.3000000000000114,,
ICE,Confiança Empresarial (ICE),2018-07,,93.1,1.0,,
ICE,Confiança Empresarial (ICE),2018-08,,93.9,0.8000000000000114,,
ICE,Confiança Empresarial (ICE),2018-09,,92.4,-1.5,,
ICE,Confiança Empresarial (ICE),2018-10,,93.3,0.8999999999999915,,
ICE,Confiança Empresarial (ICE),2018-11,,96.2,2.9000000000000057,,
ICE,Confiança Empresarial (ICE),2018-12,,96.5,0.29999999999999716,,
ICE,Confiança Empresarial (ICE),2019-01,,97.8,1.2999999999999972,,
ICE,Confiança Empresarial (ICE),2019-02,,96.4,-1.3999999999999915,,
ICE,Confiança Empresarial (ICE),2019-03,,94.0,-2.4000000000000057,,
ICE,Confiança Empresarial (ICE),2019-04,,93.7,-0.29999999999999716,,
ICE,Confiança Empresarial (ICE),2019-05,,92.3,-1.4000000000000057,,
ICE,Confiança Empresarial (ICE),2019-06,,93.1,0.7999999999999972,,
ICE,Confiança Empresarial (ICE),2019-07,,94.9,1.8000000000000114,,
ICE,Confiança Empresarial (ICE),2019-08,,95.3,0.3999999999999915,,
ICE,Confiança Empresarial (ICE),2019-09,,95.5,0.20000000000000284,,
ICE,Confiança Empresarial (ICE),2019-10,,96.0,0.5,,
ICE,Confiança Empresarial (ICE),2019-11,,97.4,1.4000000000000057,,
ICE,Confiança Empresarial (ICE),2019-12,,98.4,1.0,,
ICE,Confiança Empresarial (ICE),2020-01,,98.5,0.09999999999999432,,
ICE,Confiança Empresarial (ICE),2020-02,,98.2,-0.29999999999999716,,
ICE,Confiança Empresarial (ICE),2020-03,,88.9,-9.299999999999997,,
ICE,Confiança Empresarial (ICE),2020-04,,53.0,-35.900000000000006,,
ICE,Confiança Empresarial (ICE),2020-05,,59.8,6.799999999999997,,
ICE,Confiança Empresarial (ICE),2020-06,,74.9,15.100000000000009,,
ICE,Confiança Empresarial (ICE),2020-07,,83.2,8.299999999999997,,
ICE,Confiança Empresarial (ICE),2020-08,,91.2,8.0,,
ICE,Confiança Empresarial (ICE),2020-09,,95.7,4.5,,
ICE,Confiança Empresarial (ICE),2020-10,,98.3,2.5999999999999943,,
ICE,Confiança Empresarial (ICE),2020-11,,97.7,-0.5999999999999943,,
ICE,Confiança Empresarial (ICE),2020-12,,97.7,0.0,,
ICE,Confiança Empresarial (ICE),2021-01,,95.4,-2.299999999999997,,
ICE,Confiança Empresarial (ICE),2021-02,,93.7,-1.7000000000000028,,
ICE,Confiança Empresarial (ICE),2021-03,,86.8,-6.900000000000006,,
ICE,Confiança Empresarial (ICE),2021-04,,89.4,2.6000000000000085,,
ICE,Confiança Empresarial (ICE),2021-05,,93.7,4.299999999999997,,
ICE,Confiança Empresarial (ICE),2021-06,,97.3,3.5999999999999943,,
ICE,Confiança Empresarial (ICE),2021-07,,100.8,3.5,,
ICE,Confiança Empresarial (ICE),2021-08,,101.7,0.9000000000000057,,
ICE,Confiança Empresarial (ICE),2021-09,,98.4,-3.299999999999997,,
ICE,Confiança Empresarial (ICE),2021-10,,100.2,1.7999999999999972,,
ICE,Confiança Empresarial (ICE),2021-11,,98.5,-1.7000000000000028,,
ICE,Confiança Empresarial (ICE),2021-12,,97.0,-1.5,,
ICE,Confiança Empresarial (ICE),2022-01,,93.3,-3.700000000000003,,
ICE,Confiança Empresarial (ICE),2022-02,,92.0,-1.2999999999999972,,
ICE,Confiança Empresarial (ICE),2022-03,,92.5,0.5,,
ICE,Confiança Empresarial (ICE),2022-04,,94.8,2.299999999999997,,
ICE,Confiança Empresarial (ICE),2022-05,,96.8,2.0,,
ICE,Confiança Empresarial (ICE),2022-06,,98.0,1.2000000000000028,,
ICE,Confiança Empresarial (ICE),2022-07,,98.1,0.09999999999999432,,
ICE,Confiança Empresarial (ICE),2022-08,,100.3,2.200000000000003,,
ICE,Confiança Empresarial (ICE),2022-09,,100.1,-0.20000000000000284,,
ICE,Confiança Empresarial (ICE),2022-10,,98.1,-2.0,,
ICE,Confiança Empresarial (ICE),2022-11,,93.3,-4.799999999999997,,
ICE,Confiança Empresarial (ICE),2022-12,,93.0,-0.29999999999999716,,
ICE,Confiança Empresarial (ICE),2023-01,,91.0,-2.0,,
ICE,Confiança Empresarial (ICE),2023-02,,91.5,0.5,,
ICE,Confiança Empresarial (ICE),2023-03,,92.2,0.7000000000000028,,
ICE,Confiança Empresarial (ICE),2023-04,,90.3,-1.9000000000000057,,
ICE,Confiança Empresarial (ICE),2023-05,,90.0,-0.29999999999999716,,
ICE,Confiança Empresarial (ICE),2023-06,,92.6,2.5999999999999943,,
ICE,Confiança Empresarial (ICE),2023-07,,93.1,0.5,,
ICE,Confiança Empresarial (ICE),2023-08,,94.0,0.9000000000000057,,
ICE,Confiança Empresarial (ICE),2023-09,,93.7,-0.29999999999999716,,
ICE,Confiança Empresarial (ICE),2023-10,,93.2,-0.5,,
ICE,Confiança Empresarial (ICE),2023-11,,94.0,0.7999999999999972,,
ICE,Confiança Empresarial (ICE),2023-12,,93.7,-0.29999999999999716,,
ICE,Confiança Empresarial (ICE),2024-01,,94.5,0.7999999999999972,,
ICE,Confiança Empresarial (ICE),2024-02,,93.1,-1.4000000000000057,,
ICE,Confiança Empresarial (ICE),2024-03,,94.1,1.0,,
ICE,Confiança Empresarial (ICE),2024-04,,94.4,0.30000000000001137,,
ICE,Confiança Empresarial (ICE),2024-05,,94.6,0.19999999999998863,,
ICE,Confiança Empresarial (ICE),2024-06,,95.7,1.1000000000000085,,
ICE,Confiança Empresarial (ICE),2024-07,,97.9,2.200000000000003,,
ICE,Confiança Empresarial (ICE),2024-08,,99.5,1.5999999999999943,,
ICE,Confiança Empresarial (ICE),2024-09,,97.9,-1.5999999999999943,,
ICE,Confiança Empresarial (ICE),2024-10,,98.3,0.3999999999999915,,
ICE,Confiança Empresarial (ICE),2024-11,,96.9,-1.3999999999999915,,
ICE,Confiança Empresarial (ICE),2024-12,,95.9,-1.0,,
ICE,Confiança Empresarial (ICE),2025-01,,93.6,-2.3000000000000114,,
ICE,Confiança Empresarial (ICE),2025-02,,92.5,-1.0999999999999943,,
ICE,Confiança Empresarial (ICE),2025-03,,92.1,-0.4000000000000057,,
ICE,Confiança Empresarial (ICE),2025-04,,92.1,0.0,,
ICE,Confiança Empresarial (ICE),2025-05,,93.2,1.1000000000000085,,
ICE,Confiança Empresarial (ICE),2025-06,,91.9,-1.2999999999999972,,
ICE,Confiança Empresarial (ICE),2025-07,,91.7,-0.20000000000000284,,
ICE,Confiança Empresarial (ICE),2025-08,,89.6,-2.1000000000000085,,
ICE,Confiança Empresarial (ICE),2025-09,,90.4,0.8000000000000114,,
ICE,Confiança Empresarial (ICE),2025-10,,90.1,-0.30000000000001137,,
ICE,Confiança Empresarial (ICE),2025-11,,90.1,0.0,,
ICI,Confiança da Indústria (ICI),2001-01,,105.7,,,
ICI,Confiança da Indústria (ICI),2001-02,,107.0,1.2999999999999972,,
ICI,Confiança da Indústria (ICI),2001-03,,103.4,-3.5999999999999943,,
ICI,Confiança da Indústria (ICI),2001-04,,101.7,-1.7000000000000028,,
ICI,Confiança da Indústria (ICI),2001-05,,98.3,-3.4000000000000057,,
ICI,Confiança da Indústria (ICI),2001-06,,94.3,-4.0,,
ICI,Confiança da Indústria (ICI),2001-07,,89.1,-5.200000000000003,,
ICI,Confiança da Indústria (ICI),2001-08,,85.8,-3.299999999999997,,
ICI,Confiança da Indústria (ICI),2001-09,,83.5,-2.299999999999997,,
ICI,Confiança da Indústria (ICI),2001-10,,82.9,-0.5999999999999943,,
ICI,Confiança da Indústria (ICI),2001-11,,92.2,9.299999999999997,,
ICI,Confiança da Indústria (ICI),2001-12,,99.8,7.599999999999994,,
ICI,Confiança da Indústria (ICI),2002-01,,99.4,-0.3999999999999915,,
ICI,Confiança da Indústria (ICI),2002-02,,101.7,2.299999999999997,,
ICI,Confiança da Indústria (ICI),2002-03,,99.5,-2.200000000000003,,
ICI,Confiança da Indústria (ICI),2002-04,,99.9,0.4000000000000057,,
ICI,Confiança da Indústria (ICI),2002-05,,97.0,-2.9000000000000057,,
ICI,Confiança da Indústria (ICI),2002-06,,94.2,-2.799999999999997,,
ICI,Confiança da Indústria (ICI),2002-07,,90.3,-3.9000000000000057,,
ICI,Confiança da Indústria (ICI),2002-08,,90.8,0.5,,
ICI,Confiança da Indústria (ICI),2002-09,,92.2,1.4000000000000057,,
ICI,Confiança da Indústria (ICI),2002-10,,95.0,2.799999999999997,,
ICI,Confiança da Indústria (ICI),2002-11,,100.8,5.799999999999997,,
ICI,Confiança da Indústria (ICI),2002-12,,105.2,4.400000000000006,,
ICI,Confiança da Indústria (ICI),2003-01,,102.7,-2.5,,
ICI,Confiança da Indústria (ICI),2003-02,,102.1,-0.6000000000000085,,
ICI,Confiança da Indústria (ICI),2003-03,,97.5,-4.599999999999994,,
ICI,Confiança da Indústria (ICI),2003-04,,95.0,-2.5,,
ICI,Confiança da Indústria (ICI),2003-05,,91.0,-4.0,,
ICI,Confiança da Indústria (ICI),2003-06,,86.8,-4.200000000000003,,
ICI,Confiança da Indústria (ICI),2003-07,,81.8,-5.0,,
ICI,Confiança da Indústria (ICI),2003-08,,86.6,4.799999999999997,,
ICI,Confiança da Indústria (ICI),2003-09,,92.5,5.900000000000006,,
ICI,Confiança da Indústria (ICI),2003-10,,99.6,7.099999999999994,,
ICI,Confiança da Indústria (ICI),2003-11,,104.6,5.0,,
ICI,Confiança da Indústria (ICI),2003-12,,108.0,3.4000000000000057,,
ICI,Confiança da Indústria (ICI),2004-01,,106.2,-1.7999999999999972,,
ICI,Confiança da Indústria (ICI),2004-02,,107.4,1.2000000000000028,,
ICI,Confiança da Indústria (ICI),2004-03,,105.9,-1.5,,
ICI,Confiança da Indústria (ICI),2004-04,,106.0,0.09999999999999432,,
ICI,Confiança da Indústria (ICI),2004-05,,107.7,1.7000000000000028,,
ICI,Confiança da Indústria (ICI),2004-06,,109.1,1.3999999999999915,,
ICI,Confiança da Indústria (ICI),2004-07,,110.3,1.2000000000000028,,
ICI,Confiança da Indústria (ICI),2004-08,,109.6,-0.7000000000000028,,
ICI,Confiança da Indústria (ICI),2004-09,,110.4,0.8000000000000114,,
ICI,Confiança da Indústria (ICI),2004-10,,112.4,2.0,,
ICI,Confiança da Indústria (ICI),2004-11,,113.0,0.5999999999999943,,
ICI,Confiança da Indústria (ICI),2004-12,,112.3,-0.7000000000000028,,
ICI,Confiança da Indústria (ICI),2005-01,,106.8,-5.5,,
ICI,Confiança da Indústria (ICI),2005-02,,106.6,-0.20000000000000284,,
ICI,Confiança da Indústria (ICI),2005-03,,103.5,-3.0999999999999943,,
ICI,Confiança da Indústria (ICI),2005-04,,102.1,-1.4000000000000057,,
ICI,Confiança da Indústria (ICI),2005-05,,99.8,-2.299999999999997,,
ICI,Confiança da Indústria (ICI),2005-06,,97.3,-2.5,,
ICI,Confiança da Indústria (ICI),2005-07,,95.0,-2.299999999999997,,
ICI,Confiança da Indústria (ICI),2005-08,,93.8,-1.2000000000000028,,
ICI,Confiança da Indústria (ICI),2005-09,,94.3,0.5,,
ICI,Confiança da Indústria (ICI),2005-10,,95.2,0.9000000000000057,,
ICI,Confiança da Indústria (ICI),2005-11,,96.4,1.2000000000000028,,
ICI,Confiança da Indústria (ICI),2005-12,,98.4,2.0,,
ICI,Confiança da Indústria (ICI),2006-01,,99.5,1.0999999999999943,,
ICI,Confiança da Indústria (ICI),2006-02,,101.3,1.7999999999999972,,
ICI,Confiança da Indústria (ICI),2006-03,,101.5,0.20000000000000284,,
ICI,Confiança da Indústria (ICI),2006-04,,103.6,2.0999999999999943,,
ICI,Confiança da Indústria (ICI),2006-05,,99.7,-3.8999999999999915,,
ICI,Confiança da Indústria (ICI),2006-06,,99.7,0.0,,
ICI,Confiança da Indústria (ICI),2006-07,,101.0,1.2999999999999972,,
ICI,Confiança da Indústria (ICI),2006-08,,98.8,-2.200000000000003,,
ICI,Confiança da Indústria (ICI),2006-09,,101.0,2.200000000000003,,
ICI,Confiança da Indústria (ICI),2006-10,,100.4,-0.5999999999999943,,
ICI,Confiança da Indústria (ICI),2006-11,,104.0,3.5999999999999943,,
ICI,Confiança da Indústria (ICI),2006-12,,105.6,1.5999999999999943,,
ICI,Confiança da Indústria (ICI),2007-01,,103.7,-1.8999999999999915,,
ICI,Confiança da Indústria (ICI),2007-02,,108.2,4.5,,
ICI,Confiança da Indústria (ICI),2007-03,,109.7,1.5,,
ICI,Confiança da Indústria (ICI),2007-04,,111.1,1.3999999999999915,,
ICI,Confiança da Indústria (ICI),2007-05,,111.3,0.20000000000000284,,
ICI,Confiança da Indústria (ICI),2007-06,,110.8,-0.5,,
ICI,Confiança da Indústria (ICI),2007-07,,112.5,1.7000000000000028,,
ICI,Confiança da Indústria (ICI),2007-08,,112.1,-0.4000000000000057,,
ICI,Confiança da Indústria (ICI),2007-09,,112.8,0.7000000000000028,,
ICI,Confiança da Indústria (ICI),2007-10,,114.9,2.1000000000000085,,
ICI,Confiança da Indústria (ICI),2007-11,,114.9,0.0,,
ICI,Confiança da Indústria (ICI),2007-12,,115.2,0.29999999999999716,,
ICI,Confiança da Indústria (ICI),2008-01,,112.8,-2.4000000000000057,,
ICI,Confiança da Indústria (ICI),2008-02,,113.2,0.4000000000000057,,
ICI,Confiança da Indústria (ICI),2008-03,,112.9,-0.29999999999999716,,
ICI,Confiança da Indústria (ICI),2008-04,,111.4,-1.5,,
ICI,Confiança da Indústria (ICI),2008-05,,112.5,1.0999999999999943,,
ICI,Confiança da Indústria (ICI),2008-06,,114.7,2.200000000000003,,
ICI,Confiança da Indústria (ICI),2008-07,,113.5,-1.2000000000000028,,
ICI,Confiança da Indústria (ICI),2008-08,,113.9,0.4000000000000057,,
ICI,Confiança da Indústria (ICI),2008-09,,111.2,-2.700000000000003,,
ICI,Confiança da Indústria (ICI),2008-10,,102.2,-9.0,,
ICI,Confiança da Indústria (ICI),2008-11,,84.1,-18.10000000000001,,
ICI,Confiança da Indústria (ICI),2008-12,,74.3,-9.799999999999997,,
ICI,Confiança da Indústria (ICI),2009-01,,74.8,0.5,,
ICI,Confiança da Indústria (ICI),2009-02,,76.8,2.0,,
ICI,Confiança da Indústria (ICI),2009-03,,79.0,2.200000000000003,,
ICI,Confiança da Indústria (ICI),2009-04,,84.1,5.099999999999994,,
ICI,Confiança da Indústria (ICI),2009-05,,88.5,4.400000000000006,,
ICI,Confiança da Indústria (ICI),2009-06,,93.1,4.599999999999994,,
ICI,Confiança da Indústria (ICI),2009-07,,97.0,3.9000000000000057,,
ICI,Confiança da Indústria (ICI),2009-08,,100.8,3.799999999999997,,
ICI,Confiança da Indústria (ICI),2009-09,,105.5,4.700000000000003,,
ICI,Confiança da Indústria (ICI),2009-10,,109.6,4.099999999999994,,
ICI,Confiança da Indústria (ICI),2009-11,,112.3,2.700000000000003,,
ICI,Confiança da Indústria (ICI),2009-12,,113.3,1.0,,
ICI,Confiança da Indústria (ICI),2010-01,,113.1,-0.20000000000000284,,
ICI,Confiança da Indústria (ICI),2010-02,,115.7,2.6000000000000085,,
ICI,Confiança da Indústria (ICI),2010-03,,115.8,0.09999999999999432,,
ICI,Confiança da Indústria (ICI),2010-04,,115.7,-0.09999999999999432,,
ICI,Confiança da Indústria (ICI),2010-05,,116.0,0.29999999999999716,,
ICI,Confiança da Indústria (ICI),2010-06,,114.3,-1.7000000000000028,,
ICI,Confiança da Indústria (ICI),2010-07,,112.4,-1.8999999999999915,,
ICI,Confiança da Indústria (ICI),2010-08,,112.5,0.09999999999999432,,
ICI,Confiança da Indústria (ICI),2010-09,,113.6,1.0999999999999943,,
ICI,Confiança da Indústria (ICI),2010-10,,113.8,0.20000000000000284,,
ICI,Confiança da Indústria (ICI),2010-11,,112.8,-1.0,,
ICI,Confiança da Indústria (ICI),2010-12,,112.7,-0.09999999999999432,,
ICI,Confiança da Indústria (ICI),2011-01,,110.7,-2.0,,
ICI,Confiança da Indústria (ICI),2011-02,,112.2,1.5,,
ICI,Confiança da Indústria (ICI),2011-03,,112.6,0.3999999999999915,,
ICI,Confiança da Indústria (ICI),2011-04,,111.5,-1.0999999999999943,,
ICI,Confiança da Indústria (ICI),2011-05,,109.7,-1.7999999999999972,,
ICI,Confiança da Indústria (ICI),2011-06,,107.6,-2.1000000000000085,,
ICI,Confiança da Indústria (ICI),2011-07,,104.0,-3.5999999999999943,,
ICI,Confiança da Indústria (ICI),2011-08,,101.8,-2.200000000000003,,
ICI,Confiança da Indústria (ICI),2011-09,,100.3,-1.5,,
ICI,Confiança da Indústria (ICI),2011-10,,102.1,1.7999999999999972,,
ICI,Confiança da Indústria (ICI),2011-11,,101.4,-0.6999999999999886,,
ICI,Confiança da Indústria (ICI),2011-12,,101.5,0.09999999999999432,,
ICI,Confiança da Indústria (ICI),2012-01,,103.3,1.7999999999999972,,
ICI,Confiança da Indústria (ICI),2012-02,,101.4,-1.8999999999999915,,
ICI,Confiança da Indústria (ICI),2012-03,,101.7,0.29999999999999716,,
ICI,Confiança da Indústria (ICI),2012-04,,101.1,-0.6000000000000085,,
ICI,Confiança da Indústria (ICI),2012-05,,101.1,0.0,,
ICI,Confiança da Indústria (ICI),2012-06,,100.2,-0.8999999999999915,,
ICI,Confiança da Indústria (ICI),2012-07,,99.1,-1.1000000000000085,,
ICI,Confiança da Indústria (ICI),2012-08,,102.5,3.4000000000000057,,
ICI,Confiança da Indústria (ICI),2012-09,,104.6,2.0999999999999943,,
ICI,Confiança da Indústria (ICI),2012-10,,106.5,1.9000000000000057,,
ICI,Confiança da Indústria (ICI),2012-11,,105.4,-1.0999999999999943,,
ICI,Confiança da Indústria (ICI),2012-12,,106.4,1.0,,
ICI,Confiança da Indústria (ICI),2013-01,,106.8,0.3999999999999915,,
ICI,Confiança da Indústria (ICI),2013-02,,106.4,-0.3999999999999915,,
ICI,Confiança da Indústria (ICI),2013-03,,105.6,-0.8000000000000114,,
ICI,Confiança da Indústria (ICI),2013-04,,105.0,-0.5999999999999943,,
ICI,Confiança da Indústria (ICI),2013-05,,105.3,0.29999999999999716,,
ICI,Confiança da Indústria (ICI),2013-06,,104.2,-1.0999999999999943,,
ICI,Confiança da Indústria (ICI),2013-07,,99.8,-4.400000000000006,,
ICI,Confiança da Indústria (ICI),2013-08,,100.8,1.0,,
ICI,Confiança da Indústria (ICI),2013-09,,101.3,0.5,,
ICI,Confiança da Indústria (ICI),2013-10,,100.4,-0.8999999999999915,,
ICI,Confiança da Indústria (ICI),2013-11,,100.7,0.29999999999999716,,
ICI,Confiança da Indústria (ICI),2013-12,,100.5,-0.20000000000000284,,
ICI,Confiança da Indústria (ICI),2014-01,,100.0,-0.5,,
ICI,Confiança da Indústria (ICI),2014-02,,99.1,-0.9000000000000057,,
ICI,Confiança da Indústria (ICI),2014-03,,97.7,-1.3999999999999915,,
ICI,Confiança da Indústria (ICI),2014-04,,97.0,-0.7000000000000028,,
ICI,Confiança da Indústria (ICI),2014-05,,91.4,-5.599999999999994,,
ICI,Confiança da Indústria (ICI),2014-06,,88.1,-3.3000000000000114,,
ICI,Confiança da Indústria (ICI),2014-07,,87.1,-1.0,,
ICI,Confiança da Indústria (ICI),2014-08,,84.8,-2.299999999999997,,
ICI,Confiança da Indústria (ICI),2014-09,,85.8,1.0,,
ICI,Confiança da Indústria (ICI),2014-10,,87.6,1.7999999999999972,,
ICI,Confiança da Indústria (ICI),2014-11,,89.2,1.6000000000000085,,
ICI,Confiança da Indústria (ICI),2014-12,,87.9,-1.2999999999999972,,
ICI,Confiança da Indústria (ICI),2015-01,,87.6,-0.30000000000001137,,
ICI,Confiança da Indústria (ICI),2015-02,,87.0,-0.5999999999999943,,
ICI,Confiança da Indústria (ICI),2015-03,,80.5,-6.5,,
ICI,Confiança da Indústria (ICI),2015-04,,78.0,-2.5,,
ICI,Confiança da Indústria (ICI),2015-05,,75.8,-2.200000000000003,,
ICI,Confiança da Indústria (ICI),2015-06,,71.9,-3.8999999999999915,,
ICI,Confiança da Indústria (ICI),2015-07,,73.9,2.0,,
ICI,Confiança da Indústria (ICI),2015-08,,72.5,-1.4000000000000057,,
ICI,Confiança da Indústria (ICI),2015-09,,73.6,1.0999999999999943,,
ICI,Confiança da Indústria (ICI),2015-10,,77.2,3.6000000000000085,,
ICI,Confiança da Indústria (ICI),2015-11,,76.9,-0.29999999999999716,,
ICI,Confiança da Indústria (ICI),2015-12,,77.4,0.5,,
ICI,Confiança da Indústria (ICI),2016-01,,78.1,0.6999999999999886,,
ICI,Confiança da Indústria (ICI),2016-02,,75.2,-2.8999999999999915,,
ICI,Confiança da Indústria (ICI),2016-03,,76.5,1.2999999999999972,,
ICI,Confiança da Indústria (ICI),2016-04,,77.6,1.0999999999999943,,
ICI,Confiança da Indústria (ICI),2016-05,,78.0,0.4000000000000057,,
ICI,Confiança da Indústria (ICI),2016-06,,81.1,3.0999999999999943,,
ICI,Confiança da Indústria (ICI),2016-07,,85.2,4.1000000000000085,,
ICI,Confiança da Indústria (ICI),2016-08,,85.2,0.0,,
ICI,Confiança da Indústria (ICI),2016-09,,88.0,2.799999999999997,,
ICI,Confiança da Indústria (ICI),2016-10,,87.4,-0.5999999999999943,,
ICI,Confiança da Indústria (ICI),2016-11,,88.0,0.5999999999999943,,
ICI,Confiança da Indústria (ICI),2016-12,,85.7,-2.299999999999997,,
ICI,Confiança da Indústria (ICI),2017-01,,89.1,3.3999999999999915,,
ICI,Confiança da Indústria (ICI),2017-02,,88.8,-0.29999999999999716,,
ICI,Confiança da Indústria (ICI),2017-03,,90.4,1.6000000000000085,,
ICI,Confiança da Indústria (ICI),2017-04,,91.0,0.5999999999999943,,
ICI,Confiança da Indústria (ICI),2017-05,,91.2,0.20000000000000284,,
ICI,Confiança da Indústria (ICI),2017-06,,88.5,-2.700000000000003,,
ICI,Confiança da Indústria (ICI),2017-07,,90.2,1.7000000000000028,,
ICI,Confiança da Indústria (ICI),2017-08,,91.7,1.5,,
ICI,Confiança da Indústria (ICI),2017-09,,93.1,1.3999999999999915,,
ICI,Confiança da Indústria (ICI),2017-10,,96.6,3.5,,
ICI,Confiança da Indústria (ICI),2017-11,,100.0,3.4000000000000057,,
ICI,Confiança da Indústria (ICI),2017-12,,100.6,0.5999999999999943,,
ICI,Confiança da Indústria (ICI),2018-01,,100.5,-0.09999999999999432,,
ICI,Confiança da Indústria (ICI),2018-02,,101.1,0.5999999999999943,,
ICI,Confiança da Indústria (ICI),2018-03,,102.2,1.1000000000000085,,
ICI,Confiança da Indústria (ICI),2018-04,,100.4,-1.7999999999999972,,
ICI,Confiança da Indústria (ICI),2018-05,,100.4,0.0,,
ICI,Confiança da Indústria (ICI),2018-06,,98.0,-2.4000000000000057,,
ICI,Confiança da Indústria (ICI),2018-07,,99.1,1.0999999999999943,,
ICI,Confiança da Indústria (ICI),2018-08,,98.8,-0.29999999999999716,,
ICI,Confiança da Indústria (ICI),2018-09,,95.8,-3.0,,
ICI,Confiança da Indústria (ICI),2018-10,,94.8,-1.0,,
ICI,Confiança da Indústria (ICI),2018-11,,97.0,2.200000000000003,,
ICI,Confiança da Indústria (ICI),2018-12,,96.2,-0.7999999999999972,,
ICI,Confiança da Indústria (ICI),2019-01,,98.1,1.8999999999999915,,
ICI,Confiança da Indústria (ICI),2019-02,,99.3,1.2000000000000028,,
ICI,Confiança da Indústria (ICI),2019-03,,97.1,-2.200000000000003,,
ICI,Confiança da Indústria (ICI),2019-04,,97.9,0.8000000000000114,,
ICI,Confiança da Indústria (ICI),2019-05,,96.7,-1.2000000000000028,,
ICI,Confiança da Indústria (ICI),2019-06,,95.0,-1.7000000000000028,,
ICI,Confiança da Indústria (ICI),2019-07,,94.3,-0.7000000000000028,,
ICI,Confiança da Indústria (ICI),2019-08,,95.1,0.7999999999999972,,
ICI,Confiança da Indústria (ICI),2019-09,,95.4,0.30000000000001137,,
ICI,Confiança da Indústria (ICI),2019-10,,95.1,-0.30000000000001137,,
ICI,Confiança da Indústria (ICI),2019-11,,97.6,2.5,,
ICI,Confiança da Indústria (ICI),2019-12,,100.0,2.4000000000000057,,
ICI,Confiança da Indústria (ICI),2020-01,,101.3,1.2999999999999972,,
ICI,Confiança da Indústria (ICI),2020-02,,101.3,0.0,,
ICI,Confiança da Indústria (ICI),2020-03,,98.1,-3.200000000000003,,
ICI,Confiança da Indústria (ICI),2020-04,,58.5,-39.599999999999994,,
ICI,Confiança da Indústria (ICI),2020-05,,61.6,3.1000000000000014,,
ICI,Confiança da Indústria (ICI),2020-06,,77.0,15.399999999999999,,
ICI,Confiança da Indústria (ICI),2020-07,,89.1,12.099999999999994,,
ICI,Confiança da Indústria (ICI),2020-08,,98.2,9.100000000000009,,
ICI,Confiança da Indústria (ICI),2020-09,,106.2,8.0,,
ICI,Confiança da Indústria (ICI),2020-10,,111.4,5.200000000000003,,
ICI,Confiança da Indústria (ICI),2020-11,,114.2,2.799999999999997,,
ICI,Confiança da Indústria (ICI),2020-12,,115.3,1.0999999999999943,,
ICI,Confiança da Indústria (ICI),2021-01,,111.5,-3.799999999999997,,
ICI,Confiança da Indústria (ICI),2021-02,,108.5,-3.0,,
ICI,Confiança da Indústria (ICI),2021-03,,104.8,-3.700000000000003,,
ICI,Confiança da Indústria (ICI),2021-04,,103.4,-1.3999999999999915,,
ICI,Confiança da Indústria (ICI),2021-05,,104.1,0.6999999999999886,,
ICI,Confiança da Indústria (ICI),2021-06,,107.0,2.9000000000000057,,
ICI,Confiança da Indústria (ICI),2021-07,,107.6,0.5999999999999943,,
ICI,Confiança da Indústria (ICI),2021-08,,106.5,-1.0999999999999943,,
ICI,Confiança da Indústria (ICI),2021-09,,105.9,-0.5999999999999943,,
ICI,Confiança da Indústria (ICI),2021-10,,105.0,-0.9000000000000057,,
ICI,Confiança da Indústria (ICI),2021-11,,102.9,-2.0999999999999943,,
ICI,Confiança da Indústria (ICI),2021-12,,100.6,-2.3000000000000114,,
ICI,Confiança da Indústria (ICI),2022-01,,98.9,-1.6999999999999886,,
ICI,Confiança da Indústria (ICI),2022-02,,97.3,-1.6000000000000085,,
ICI,Confiança da Indústria (ICI),2022-03,,95.7,-1.5999999999999943,,
ICI,Confiança da Indústria (ICI),2022-04,,97.2,1.5,,
ICI,Confiança da Indústria (ICI),2022-05,,99.6,2.3999999999999915,,
ICI,Confiança da Indústria (ICI),2022-06,,100.5,0.9000000000000057,,
ICI,Confiança da Indústria (ICI),2022-07,,98.8,-1.7000000000000028,,
ICI,Confiança da Indústria (ICI),2022-08,,99.9,1.1000000000000085,,
ICI,Confiança da Indústria (ICI),2022-09,,99.1,-0.8000000000000114,,
ICI,Confiança da Indústria (ICI),2022-10,,95.7,-3.3999999999999915,,
ICI,Confiança da Indústria (ICI),2022-11,,93.1,-2.6000000000000085,,
ICI,Confiança da Indústria (ICI),2022-12,,93.8,0.7000000000000028,,
ICI,Confiança da Indústria (ICI),2023-01,,93.5,-0.29999999999999716,,
ICI,Confiança da Indústria (ICI),2023-02,,92.6,-0.9000000000000057,,
ICI,Confiança da Indústria (ICI),2023-03,,95.0,2.4000000000000057,,
ICI,Confiança da Indústria (ICI),2023-04,,94.2,-0.7999999999999972,,
ICI,Confiança da Indústria (ICI),2023-05,,92.9,-1.2999999999999972,,
ICI,Confiança da Indústria (ICI),2023-06,,93.3,0.3999999999999915,,
ICI,Confiança da Indústria (ICI),2023-07,,91.1,-2.200000000000003,,
ICI,Confiança da Indústria (ICI),2023-08,,91.0,-0.09999999999999432,,
ICI,Confiança da Indústria (ICI),2023-09,,90.4,-0.5999999999999943,,
ICI,Confiança da Indústria (ICI),2023-10,,90.9,0.5,,
ICI,Confiança da Indústria (ICI),2023-11,,93.5,2.5999999999999943,,
ICI,Confiança da Indústria (ICI),2023-12,,95.7,2.200000000000003,,
ICI,Confiança da Indústria (ICI),2024-01,,97.2,1.5,,
ICI,Confiança da Indústria (ICI),2024-02,,97.4,0.20000000000000284,,
ICI,Confiança da Indústria (ICI),2024-03,,96.5,-0.9000000000000057,,
ICI,Confiança da Indústria (ICI),2024-04,,96.7,0.20000000000000284,,
ICI,Confiança da Indústria (ICI),2024-05,,98.0,1.2999999999999972,,
ICI,Confiança da Indústria (ICI),2024-06,,98.5,0.5,,
ICI,Confiança da Indústria (ICI),2024-07,,101.5,3.0,,
ICI,Confiança da Indústria (ICI),2024-08,,101.5,0.0,,
ICI,Confiança da Indústria (ICI),2024-09,,100.4,-1.0999999999999943,,
ICI,Confiança da Indústria (ICI),2024-10,,99.9,-0.5,,
ICI,Confiança da Indústria (ICI),2024-11,,99.1,-0.8000000000000114,,
ICI,Confiança da Indústria (ICI),2024-12,,99.7,0.6000000000000085,,
ICI,Confiança da Indústria (ICI),2025-01,,98.4,-1.2999999999999972,,
ICI,Confiança da Indústria (ICI),2025-02,,98.3,-0.10000000000000853,,
ICI,Confiança da Indústria (ICI),2025-03,,98.4,0.10000000000000853,,
ICI,Confiança da Indústria (ICI),2025-04,,98.0,-0.4000000000000057,,
ICI,Confiança da Indústria (ICI),2025-05,,98.9,0.9000000000000057,,
ICI,Confiança da Indústria (ICI),2025-06,,96.8,-2.1000000000000085,,
ICI,Confiança da Indústria (ICI),2025-07,,94.8,-2.0,,
ICI,Confiança da Indústria (ICI),2025-08,,90.4,-4.3999999999999915,,
ICI,Confiança da Indústria (ICI),2025-09,,90.5,0.09999999999999432,,
ICI,Confiança da Indústria (ICI),2025-10,,89.8,-0.7000000000000028,,
ICI,Confiança da Indústria (ICI),2025-11,,89.1,-0.7000000000000028,,
ICOM,Confiança do Comércio (ICOM),2010-03,,116.0,,,
ICOM,Confiança do Comércio (ICOM),2010-04,,114.2,-1.7999999999999972,,
ICOM,Confiança do Comércio (ICOM),2010-05,,114.2,0.0,,
ICOM,Confiança do Comércio (ICOM),2010-06,,111.7,-2.5,,
ICOM,Confiança do Comércio (ICOM),2010-07,,111.7,0.0,,
ICOM,Confiança do Comércio (ICOM),2010-08,,109.9,-1.7999999999999972,,
ICOM,Confiança do Comércio (ICOM),2010-09,,108.7,-1.2000000000000028,,
ICOM,Confiança do Comércio (ICOM),2010-10,,112.0,3.299999999999997,,
ICOM,Confiança do Comércio (ICOM),2010-11,,110.4,-1.5999999999999943,,
ICOM,Confiança do Comércio (ICOM),2010-12,,106.2,-4.200000000000003,,
ICOM,Confiança do Comércio (ICOM),2011-01,,105.6,-0.6000000000000085,,
ICOM,Confiança do Comércio (ICOM),2011-02,,110.1,4.5,,
ICOM,Confiança do Comércio (ICOM),2011-03,,105.5,-4.599999999999994,,
ICOM,Confiança do Comércio (ICOM),2011-04,,109.1,3.5999999999999943,,
ICOM,Confiança do Comércio (ICOM),2011-05,,106.5,-2.5999999999999943,,
ICOM,Confiança do Comércio (ICOM),2011-06,,107.7,1.2000000000000028,,
ICOM,Confiança do Comércio (ICOM),2011-07,,106.6,-1.1000000000000085,,
ICOM,Confiança do Comércio (ICOM),2011-08,,106.0,-0.5999999999999943,,
ICOM,Confiança do Comércio (ICOM),2011-09,,106.1,0.09999999999999432,,
ICOM,Confiança do Comércio (ICOM),2011-10,,102.2,-3.8999999999999915,,
ICOM,Confiança do Comércio (ICOM),2011-11,,103.5,1.2999999999999972,,
ICOM,Confiança do Comércio (ICOM),2011-12,,103.2,-0.29999999999999716,,
ICOM,Confiança do Comércio (ICOM),2012-01,,102.4,-0.7999999999999972,,
ICOM,Confiança do Comércio (ICOM),2012-02,,104.2,1.7999999999999972,,
ICOM,Confiança do Comércio (ICOM),2012-03,,107.8,3.5999999999999943,,
ICOM,Confiança do Comércio (ICOM),2012-04,,105.5,-2.299999999999997,,
ICOM,Confiança do Comércio (ICOM),2012-05,,103.9,-1.5999999999999943,,
ICOM,Confiança do Comércio (ICOM),2012-06,,106.1,2.1999999999999886,,
ICOM,Confiança do Comércio (ICOM),2012-07,,105.7,-0.3999999999999915,,
ICOM,Confiança do Comércio (ICOM),2012-08,,103.9,-1.7999999999999972,,
ICOM,Confiança do Comércio (ICOM),2012-09,,106.8,2.8999999999999915,,
ICOM,Confiança do Comércio (ICOM),2012-10,,105.1,-1.7000000000000028,,
ICOM,Confiança do Comércio (ICOM),2012-11,,104.6,-0.5,,
ICOM,Confiança do Comércio (ICOM),2012-12,,103.9,-0.6999999999999886,,
ICOM,Confiança do Comércio (ICOM),2013-01,,101.1,-2.8000000000000114,,
ICOM,Confiança do Comércio (ICOM),2013-02,,102.1,1.0,,
ICOM,Confiança do Comércio (ICOM),2013-03,,103.1,1.0,,
ICOM,Confiança do Comércio (ICOM),2013-04,,104.8,1.7000000000000028,,
ICOM,Confiança do Comércio (ICOM),2013-05,,105.1,0.29999999999999716,,
ICOM,Confiança do Comércio (ICOM),2013-06,,104.6,-0.5,,
ICOM,Confiança do Comércio (ICOM),2013-07,,102.4,-2.1999999999999886,,
ICOM,Confiança do Comércio (ICOM),2013-08,,101.9,-0.5,,
ICOM,Confiança do Comércio (ICOM),2013-09,,101.9,0.0,,
ICOM,Confiança do Comércio (ICOM),2013-10,,103.1,1.1999999999999886,,
ICOM,Confiança do Comércio (ICOM),2013-11,,102.1,-1.0,,
ICOM,Confiança do Comércio (ICOM),2013-12,,100.7,-1.3999999999999915,,
ICOM,Confiança do Comércio (ICOM),2014-01,,98.7,-2.0,,
ICOM,Confiança do Comércio (ICOM),2014-02,,97.5,-1.2000000000000028,,
ICOM,Confiança do Comércio (ICOM),2014-03,,100.6,3.0999999999999943,,
ICOM,Confiança do Comércio (ICOM),2014-04,,97.8,-2.799999999999997,,
ICOM,Confiança do Comércio (ICOM),2014-05,,92.9,-4.8999999999999915,,
ICOM,Confiança do Comércio (ICOM),2014-06,,92.5,-0.4000000000000057,,
ICOM,Confiança do Comércio (ICOM),2014-07,,96.5,4.0,,
ICOM,Confiança do Comércio (ICOM),2014-08,,93.3,-3.200000000000003,,
ICOM,Confiança do Comércio (ICOM),2014-09,,89.1,-4.200000000000003,,
ICOM,Confiança do Comércio (ICOM),2014-10,,89.1,0.0,,
ICOM,Confiança do Comércio (ICOM),2014-11,,85.8,-3.299999999999997,,
ICOM,Confiança do Comércio (ICOM),2014-12,,87.4,1.6000000000000085,,
ICOM,Confiança do Comércio (ICOM),2015-01,,84.2,-3.200000000000003,,
ICOM,Confiança do Comércio (ICOM),2015-02,,77.1,-7.1000000000000085,,
ICOM,Confiança do Comércio (ICOM),2015-03,,72.7,-4.3999999999999915,,
ICOM,Confiança do Comércio (ICOM),2015-04,,72.9,0.20000000000000284,,
ICOM,Confiança do Comércio (ICOM),2015-05,,75.8,2.8999999999999915,,
ICOM,Confiança do Comércio (ICOM),2015-06,,72.6,-3.200000000000003,,
ICOM,Confiança do Comércio (ICOM),2015-07,,69.9,-2.6999999999999886,,
ICOM,Confiança do Comércio (ICOM),2015-08,,67.6,-2.3000000000000114,,
ICOM,Confiança do Comércio (ICOM),2015-09,,66.2,-1.3999999999999915,,
ICOM,Confiança do Comércio (ICOM),2015-10,,63.7,-2.5,,
ICOM,Confiança do Comércio (ICOM),2015-11,,67.3,3.5999999999999943,,
ICOM,Confiança do Comércio (ICOM),2015-12,,66.0,-1.2999999999999972,,
ICOM,Confiança do Comércio (ICOM),2016-01,,68.1,2.0999999999999943,,
ICOM,Confiança do Comércio (ICOM),2016-02,,68.2,0.10000000000000853,,
ICOM,Confiança do Comércio (ICOM),2016-03,,67.6,-0.6000000000000085,,
ICOM,Confiança do Comércio (ICOM),2016-04,,68.5,0.9000000000000057,,
ICOM,Confiança do Comércio (ICOM),2016-05,,71.9,3.4000000000000057,,
ICOM,Confiança do Comércio (ICOM),2016-06,,74.1,2.1999999999999886,,
ICOM,Confiança do Comércio (ICOM),2016-07,,75.7,1.6000000000000085,,
ICOM,Confiança do Comércio (ICOM),2016-08,,80.2,4.5,,
ICOM,Confiança do Comércio (ICOM),2016-09,,79.2,-1.0,,
ICOM,Confiança do Comércio (ICOM),2016-10,,79.2,0.0,,
ICOM,Confiança do Comércio (ICOM),2016-11,,78.2,-1.0,,
ICOM,Confiança do Comércio (ICOM),2016-12,,78.6,0.3999999999999915,,
ICOM,Confiança do Comércio (ICOM),2017-01,,79.5,0.9000000000000057,,
ICOM,Confiança do Comércio (ICOM),2017-02,,81.8,2.299999999999997,,
ICOM,Confiança do Comércio (ICOM),2017-03,,83.6,1.7999999999999972,,
ICOM,Confiança do Comércio (ICOM),2017-04,,86.7,3.1000000000000085,,
ICOM,Confiança do Comércio (ICOM),2017-05,,87.7,1.0,,
ICOM,Confiança do Comércio (ICOM),2017-06,,86.2,-1.5,,
ICOM,Confiança do Comércio (ICOM),2017-07,,85.3,-0.9000000000000057,,
ICOM,Confiança do Comércio (ICOM),2017-08,,84.8,-0.5,,
ICOM,Confiança do Comércio (ICOM),2017-09,,90.0,5.200000000000003,,
ICOM,Confiança do Comércio (ICOM),2017-10,,92.4,2.4000000000000057,,
ICOM,Confiança do Comércio (ICOM),2017-11,,92.3,-0.10000000000000853,,
ICOM,Confiança do Comércio (ICOM),2017-12,,93.6,1.2999999999999972,,
ICOM,Confiança do Comércio (ICOM),2018-01,,93.8,0.20000000000000284,,
ICOM,Confiança do Comércio (ICOM),2018-02,,93.6,-0.20000000000000284,,
ICOM,Confiança do Comércio (ICOM),2018-03,,95.6,2.0,,
ICOM,Confiança do Comércio (ICOM),2018-04,,95.1,-0.5,,
ICOM,Confiança do Comércio (ICOM),2018-05,,93.5,-1.5999999999999943,,
ICOM,Confiança do Comércio (ICOM),2018-06,,91.2,-2.299999999999997,,
ICOM,Confiança do Comércio (ICOM),2018-07,,90.9,-0.29999999999999716,,
ICOM,Confiança do Comércio (ICOM),2018-08,,90.9,0.0,,
ICOM,Confiança do Comércio (ICOM),2018-09,,90.3,-0.6000000000000085,,
ICOM,Confiança do Comércio (ICOM),2018-10,,93.2,2.9000000000000057,,
ICOM,Confiança do Comércio (ICOM),2018-11,,98.9,5.700000000000003,,
ICOM,Confiança do Comércio (ICOM),2018-12,,102.2,3.299999999999997,,
ICOM,Confiança do Comércio (ICOM),2019-01,,102.9,0.7000000000000028,,
ICOM,Confiança do Comércio (ICOM),2019-02,,99.8,-3.1000000000000085,,
ICOM,Confiança do Comércio (ICOM),2019-03,,98.1,-1.7000000000000028,,
ICOM,Confiança do Comércio (ICOM),2019-04,,97.6,-0.5,,
ICOM,Confiança do Comércio (ICOM),2019-05,,93.1,-4.5,,
ICOM,Confiança do Comércio (ICOM),2019-06,,93.6,0.5,,
ICOM,Confiança do Comércio (ICOM),2019-07,,95.8,2.200000000000003,,
ICOM,Confiança do Comércio (ICOM),2019-08,,96.1,0.29999999999999716,,
ICOM,Confiança do Comércio (ICOM),2019-09,,95.9,-0.19999999999998863,,
ICOM,Confiança do Comércio (ICOM),2019-10,,97.1,1.1999999999999886,,
ICOM,Confiança do Comércio (ICOM),2019-11,,97.5,0.4000000000000057,,
ICOM,Confiança do Comércio (ICOM),2019-12,,97.0,-0.5,,
ICOM,Confiança do Comércio (ICOM),2020-01,,99.6,2.5999999999999943,,
ICOM,Confiança do Comércio (ICOM),2020-02,,100.9,1.3000000000000114,,
ICOM,Confiança do Comércio (ICOM),2020-03,,88.5,-12.400000000000006,,
ICOM,Confiança do Comércio (ICOM),2020-04,,62.5,-26.0,,
ICOM,Confiança do Comércio (ICOM),2020-05,,67.2,4.700000000000003,,
ICOM,Confiança do Comércio (ICOM),2020-06,,82.2,15.0,,
ICOM,Confiança do Comércio (ICOM),2020-07,,84.5,2.299999999999997,,
ICOM,Confiança do Comércio (ICOM),2020-08,,94.5,10.0,,
ICOM,Confiança do Comércio (ICOM),2020-09,,97.3,2.799999999999997,,
ICOM,Confiança do Comércio (ICOM),2020-10,,94.6,-2.700000000000003,,
ICOM,Confiança do Comércio (ICOM),2020-11,,94.8,0.20000000000000284,,
ICOM,Confiança do Comércio (ICOM),2020-12,,93.9,-0.8999999999999915,,
ICOM,Confiança do Comércio (ICOM),2021-01,,94.2,0.29999999999999716,,
ICOM,Confiança do Comércio (ICOM),2021-02,,94.1,-0.10000000000000853,,
ICOM,Confiança do Comércio (ICOM),2021-03,,73.8,-20.299999999999997,,
ICOM,Confiança do Comércio (ICOM),2021-04,,85.3,11.5,,
ICOM,Confiança do Comércio (ICOM),2021-05,,92.7,7.400000000000006,,
ICOM,Confiança do Comércio (ICOM),2021-06,,91.9,-0.7999999999999972,,
ICOM,Confiança do Comércio (ICOM),2021-07,,98.0,6.099999999999994,,
ICOM,Confiança do Comércio (ICOM),2021-08,,97.9,-0.09999999999999432,,
ICOM,Confiança do Comércio (ICOM),2021-09,,90.5,-7.400000000000006,,
ICOM,Confiança do Comércio (ICOM),2021-10,,92.5,2.0,,
ICOM,Confiança do Comércio (ICOM),2021-11,,89.7,-2.799999999999997,,
ICOM,Confiança do Comércio (ICOM),2021-12,,88.4,-1.2999999999999972,,
ICOM,Confiança do Comércio (ICOM),2022-01,,89.8,1.3999999999999915,,
ICOM,Confiança do Comércio (ICOM),2022-02,,91.5,1.7000000000000028,,
ICOM,Confiança do Comércio (ICOM),2022-03,,89.0,-2.5,,
ICOM,Confiança do Comércio (ICOM),2022-04,,87.9,-1.0999999999999943,,
ICOM,Confiança do Comércio (ICOM),2022-05,,92.0,4.099999999999994,,
ICOM,Confiança do Comércio (ICOM),2022-06,,93.0,1.0,,
ICOM,Confiança do Comércio (ICOM),2022-07,,91.5,-1.5,,
ICOM,Confiança do Comércio (ICOM),2022-08,,95.3,3.799999999999997,,
ICOM,Confiança do Comércio (ICOM),2022-09,,97.5,2.200000000000003,,
ICOM,Confiança do Comércio (ICOM),2022-10,,95.3,-2.200000000000003,,
ICOM,Confiança do Comércio (ICOM),2022-11,,88.9,-6.3999999999999915,,
ICOM,Confiança do Comércio (ICOM),2022-12,,89.6,0.6999999999999886,,
ICOM,Confiança do Comércio (ICOM),2023-01,,88.2,-1.3999999999999915,,
ICOM,Confiança do Comércio (ICOM),2023-02,,89.0,0.7999999999999972,,
ICOM,Confiança do Comércio (ICOM),2023-03,,89.0,0.0,,
ICOM,Confiança do Comércio (ICOM),2023-04,,85.6,-3.4000000000000057,,
ICOM,Confiança do Comércio (ICOM),2023-05,,87.6,2.0,,
ICOM,Confiança do Comércio (ICOM),2023-06,,90.3,2.700000000000003,,
ICOM,Confiança do Comércio (ICOM),2023-07,,88.7,-1.5999999999999943,,
ICOM,Confiança do Comércio (ICOM),2023-08,,90.7,2.0,,
ICOM,Confiança do Comércio (ICOM),2023-09,,88.9,-1.7999999999999972,,
ICOM,Confiança do Comércio (ICOM),2023-10,,87.7,-1.2000000000000028,,
ICOM,Confiança do Comércio (ICOM),2023-11,,87.7,0.0,,
ICOM,Confiança do Comércio (ICOM),2023-12,,88.9,1.2000000000000028,,
ICOM,Confiança do Comércio (ICOM),2024-01,,90.7,1.7999999999999972,,
ICOM,Confiança do Comércio (ICOM),2024-02,,89.4,-1.2999999999999972,,
ICOM,Confiança do Comércio (ICOM),2024-03,,90.5,1.0999999999999943,,
ICOM,Confiança do Comércio (ICOM),2024-04,,91.6,1.0999999999999943,,
ICOM,Confiança do Comércio (ICOM),2024-05,,91.5,-0.09999999999999432,,
ICOM,Confiança do Comércio (ICOM),2024-06,,91.3,-0.20000000000000284,,
ICOM,Confiança do Comércio (ICOM),2024-07,,91.8,0.5,,
ICOM,Confiança do Comércio (ICOM),2024-08,,90.7,-1.0999999999999943,,
ICOM,Confiança do Comércio (ICOM),2024-09,,90.8,0.09999999999999432,,
ICOM,Confiança do Comércio (ICOM),2024-10,,90.0,-0.7999999999999972,,
ICOM,Confiança do Comércio (ICOM),2024-11,,92.2,2.200000000000003,,
ICOM,Confiança do Comércio (ICOM),2024-12,,92.1,-0.10000000000000853,,
ICOM,Confiança do Comércio (ICOM),2025-01,,89.3,-2.799999999999997,,
ICOM,Confiança do Comércio (ICOM),2025-02,,85.5,-3.799999999999997,,
ICOM,Confiança do Comércio (ICOM),2025-03,,83.1,-2.4000000000000057,,
ICOM,Confiança do Comércio (ICOM),2025-04,,87.5,4.400000000000006,,
ICOM,Confiança do Comércio (ICOM),2025-05,,88.7,1.2000000000000028,,
ICOM,Confiança do Comércio (ICOM),2025-06,,89.3,0.5999999999999943,,
ICOM,Confiança do Comércio (ICOM),2025-07,,87.1,-2.200000000000003,,
ICOM,Confiança do Comércio (ICOM),2025-08,,83.1,-4.0,,
ICOM,Confiança do Comércio (ICOM),2025-09,,84.7,1.6000000000000085,,
ICOM,Confiança do Comércio (ICOM),2025-10,,86.2,1.5,,
ICOM,Confiança do Comércio (ICOM),2025-11,,89.9,3.700000000000003,,
ICS,Confiança de Serviços (ICS),2008-06,,110.3,,,
ICS,Confiança de Serviços (ICS),2008-07,,108.8,-1.5,,
ICS,Confiança de Serviços (ICS),2008-08,,109.5,0.7000000000000028,,
ICS,Confiança de Serviços (ICS),2008-09,,103.5,-6.0,,
ICS,Confiança de Serviços (ICS),2008-10,,95.6,-7.900000000000006,,
ICS,Confiança de Serviços (ICS),2008-11,,88.2,-7.3999999999999915,,
ICS,Confiança de Serviços (ICS),2008-12,,85.8,-2.4000000000000057,,
ICS,Confiança de Serviços (ICS),2009-01,,84.7,-1.0999999999999943,,
ICS,Confiança de Serviços (ICS),2009-02,,86.3,1.5999999999999943,,
ICS,Confiança de Serviços (ICS),2009-03,,85.7,-0.5999999999999943,,
ICS,Confiança de Serviços (ICS),2009-04,,91.2,5.5,,
ICS,Confiança de Serviços (ICS),2009-05,,94.0,2.799999999999997,,
ICS,Confiança de Serviços (ICS),2009-06,,95.4,1.4000000000000057,,
ICS,Confiança de Serviços (ICS),2009-07,,97.1,1.6999999999999886,,
ICS,Confiança de Serviços (ICS),2009-08,,99.5,2.4000000000000057,,
ICS,Confiança de Serviços (ICS),2009-09,,103.0,3.5,,
ICS,Confiança de Serviços (ICS),2009-10,,103.2,0.20000000000000284,,
ICS,Confiança de Serviços (ICS),2009-11,,105.3,2.0999999999999943,,
ICS,Confiança de Serviços (ICS),2009-12,,108.2,2.9000000000000057,,
ICS,Confiança de Serviços (ICS),2010-01,,108.5,0.29999999999999716,,
ICS,Confiança de Serviços (ICS),2010-02,,109.3,0.7999999999999972,,
ICS,Confiança de Serviços (ICS),2010-03,,112.0,2.700000000000003,,
ICS,Confiança de Serviços (ICS),2010-04,,109.1,-2.9000000000000057,,
ICS,Confiança de Serviços (ICS),2010-05,,109.7,0.6000000000000085,,
ICS,Confiança de Serviços (ICS),2010-06,,108.8,-0.9000000000000057,,
ICS,Confiança de Serviços (ICS),2010-07,,107.9,-0.8999999999999915,,
ICS,Confiança de Serviços (ICS),2010-08,,110.1,2.1999999999999886,,
ICS,Confiança de Serviços (ICS),2010-09,,110.4,0.30000000000001137,,
ICS,Confiança de Serviços (ICS),2010-10,,111.1,0.6999999999999886,,
ICS,Confiança de Serviços (ICS),2010-11,,111.4,0.30000000000001137,,
ICS,Confiança de Serviços (ICS),2010-12,,111.6,0.19999999999998863,,
ICS,Confiança de Serviços (ICS),2011-01,,110.2,-1.3999999999999915,,
ICS,Confiança de Serviços (ICS),2011-02,,110.4,0.20000000000000284,,
ICS,Confiança de Serviços (ICS),2011-03,,109.2,-1.2000000000000028,,
ICS,Confiança de Serviços (ICS),2011-04,,111.0,1.7999999999999972,,
ICS,Confiança de Serviços (ICS),2011-05,,110.6,-0.4000000000000057,,
ICS,Confiança de Serviços (ICS),2011-06,,110.2,-0.3999999999999915,,
ICS,Confiança de Serviços (ICS),2011-07,,110.6,0.3999999999999915,,
ICS,Confiança de Serviços (ICS),2011-08,,108.1,-2.5,,
ICS,Confiança de Serviços (ICS),2011-09,,106.9,-1.1999999999999886,,
ICS,Confiança de Serviços (ICS),2011-10,,107.0,0.09999999999999432,,
ICS,Confiança de Serviços (ICS),2011-11,,107.1,0.09999999999999432,,
ICS,Confiança de Serviços (ICS),2011-12,,106.7,-0.3999999999999915,,
ICS,Confiança de Serviços (ICS),2012-01,,106.1,-0.6000000000000085,,
ICS,Confiança de Serviços (ICS),2012-02,,106.9,0.8000000000000114,,
ICS,Confiança de Serviços (ICS),2012-03,,107.5,0.5999999999999943,,
ICS,Confiança de Serviços (ICS),2012-04,,106.6,-0.9000000000000057,,
ICS,Confiança de Serviços (ICS),2012-05,,105.5,-1.0999999999999943,,
ICS,Confiança de Serviços (ICS),2012-06,,103.9,-1.5999999999999943,,
ICS,Confiança de Serviços (ICS),2012-07,,102.8,-1.1000000000000085,,
ICS,Confiança de Serviços (ICS),2012-08,,101.0,-1.7999999999999972,,
ICS,Confiança de Serviços (ICS),2012-09,,101.7,0.7000000000000028,,
ICS,Confiança de Serviços (ICS),2012-10,,102.1,0.3999999999999915,,
ICS,Confiança de Serviços (ICS),2012-11,,104.5,2.4000000000000057,,
ICS,Confiança de Serviços (ICS),2012-12,,102.6,-1.9000000000000057,,
ICS,Confiança de Serviços (ICS),2013-01,,102.0,-0.5999999999999943,,
ICS,Confiança de Serviços (ICS),2013-02,,102.1,0.09999999999999432,,
ICS,Confiança de Serviços (ICS),2013-03,,102.2,0.10000000000000853,,
ICS,Confiança de Serviços (ICS),2013-04,,99.9,-2.299999999999997,,
ICS,Confiança de Serviços (ICS),2013-05,,101.8,1.8999999999999915,,
ICS,Confiança de Serviços (ICS),2013-06,,101.1,-0.7000000000000028,,
ICS,Confiança de Serviços (ICS),2013-07,,97.6,-3.5,,
ICS,Confiança de Serviços (ICS),2013-08,,99.4,1.8000000000000114,,
ICS,Confiança de Serviços (ICS),2013-09,,100.7,1.2999999999999972,,
ICS,Confiança de Serviços (ICS),2013-10,,98.4,-2.299999999999997,,
ICS,Confiança de Serviços (ICS),2013-11,,98.6,0.19999999999998863,,
ICS,Confiança de Serviços (ICS),2013-12,,99.5,0.9000000000000057,,
ICS,Confiança de Serviços (ICS),2014-01,,97.7,-1.7999999999999972,,
ICS,Confiança de Serviços (ICS),2014-02,,98.4,0.7000000000000028,,
ICS,Confiança de Serviços (ICS),2014-03,,98.4,0.0,,
ICS,Confiança de Serviços (ICS),2014-04,,95.8,-2.6000000000000085,,
ICS,Confiança de Serviços (ICS),2014-05,,91.7,-4.099999999999994,,
ICS,Confiança de Serviços (ICS),2014-06,,92.2,0.5,,
ICS,Confiança de Serviços (ICS),2014-07,,92.3,0.09999999999999432,,
ICS,Confiança de Serviços (ICS),2014-08,,90.1,-2.200000000000003,,
ICS,Confiança de Serviços (ICS),2014-09,,89.0,-1.0999999999999943,,
ICS,Confiança de Serviços (ICS),2014-10,,89.2,0.20000000000000284,,
ICS,Confiança de Serviços (ICS),2014-11,,87.2,-2.0,,
ICS,Confiança de Serviços (ICS),2014-12,,87.0,-0.20000000000000284,,
ICS,Confiança de Serviços (ICS),2015-01,,84.0,-3.0,,
ICS,Confiança de Serviços (ICS),2015-02,,81.2,-2.799999999999997,,
ICS,Confiança de Serviços (ICS),2015-03,,74.9,-6.299999999999997,,
ICS,Confiança de Serviços (ICS),2015-04,,76.7,1.7999999999999972,,
ICS,Confiança de Serviços (ICS),2015-05,,75.5,-1.2000000000000028,,
ICS,Confiança de Serviços (ICS),2015-06,,74.1,-1.4000000000000057,,
ICS,Confiança de Serviços (ICS),2015-07,,70.9,-3.1999999999999886,,
ICS,Confiança de Serviços (ICS),2015-08,,68.6,-2.3000000000000114,,
ICS,Confiança de Serviços (ICS),2015-09,,65.2,-3.3999999999999915,,
ICS,Confiança de Serviços (ICS),2015-10,,68.7,3.5,,
ICS,Confiança de Serviços (ICS),2015-11,,68.9,0.20000000000000284,,
ICS,Confiança de Serviços (ICS),2015-12,,69.9,1.0,,
ICS,Confiança de Serviços (ICS),2016-01,,69.4,-0.5,,
ICS,Confiança de Serviços (ICS),2016-02,,68.5,-0.9000000000000057,,
ICS,Confiança de Serviços (ICS),2016-03,,68.7,0.20000000000000284,,
ICS,Confiança de Serviços (ICS),2016-04,,68.5,-0.20000000000000284,,
ICS,Confiança de Serviços (ICS),2016-05,,70.7,2.200000000000003,,
ICS,Confiança de Serviços (ICS),2016-06,,73.0,2.299999999999997,,
ICS,Confiança de Serviços (ICS),2016-07,,75.2,2.200000000000003,,
ICS,Confiança de Serviços (ICS),2016-08,,77.2,2.0,,
ICS,Confiança de Serviços (ICS),2016-09,,78.9,1.7000000000000028,,
ICS,Confiança de Serviços (ICS),2016-10,,79.4,0.5,,
ICS,Confiança de Serviços (ICS),2016-11,,79.0,-0.4000000000000057,,
ICS,Confiança de Serviços (ICS),2016-12,,77.9,-1.0999999999999943,,
ICS,Confiança de Serviços (ICS),2017-01,,80.0,2.0999999999999943,,
ICS,Confiança de Serviços (ICS),2017-02,,80.5,0.5,,
ICS,Confiança de Serviços (ICS),2017-03,,83.3,2.799999999999997,,
ICS,Confiança de Serviços (ICS),2017-04,,84.0,0.7000000000000028,,
ICS,Confiança de Serviços (ICS),2017-05,,84.6,0.5999999999999943,,
ICS,Confiança de Serviços (ICS),2017-06,,82.6,-2.0,,
ICS,Confiança de Serviços (ICS),2017-07,,83.3,0.7000000000000028,,
ICS,Confiança de Serviços (ICS),2017-08,,84.1,0.7999999999999972,,
ICS,Confiança de Serviços (ICS),2017-09,,85.6,1.5,,
ICS,Confiança de Serviços (ICS),2017-10,,88.8,3.200000000000003,,
ICS,Confiança de Serviços (ICS),2017-11,,88.8,0.0,,
ICS,Confiança de Serviços (ICS),2017-12,,90.4,1.6000000000000085,,
ICS,Confiança de Serviços (ICS),2018-01,,90.6,0.19999999999998863,,
ICS,Confiança de Serviços (ICS),2018-02,,91.8,1.2000000000000028,,
ICS,Confiança de Serviços (ICS),2018-03,,91.8,0.0,,
ICS,Confiança de Serviços (ICS),2018-04,,90.4,-1.3999999999999915,,
ICS,Confiança de Serviços (ICS),2018-05,,89.2,-1.2000000000000028,,
ICS,Confiança de Serviços (ICS),2018-06,,87.0,-2.200000000000003,,
ICS,Confiança de Serviços (ICS),2018-07,,87.7,0.7000000000000028,,
ICS,Confiança de Serviços (ICS),2018-08,,88.8,1.0999999999999943,,
ICS,Confiança de Serviços (ICS),2018-09,,88.4,-0.3999999999999915,,
ICS,Confiança de Serviços (ICS),2018-10,,89.8,1.3999999999999915,,
ICS,Confiança de Serviços (ICS),2018-11,,94.7,4.900000000000006,,
ICS,Confiança de Serviços (ICS),2018-12,,95.8,1.0999999999999943,,
ICS,Confiança de Serviços (ICS),2019-01,,97.7,1.9000000000000057,,
ICS,Confiança de Serviços (ICS),2019-02,,96.1,-1.6000000000000085,,
ICS,Confiança de Serviços (ICS),2019-03,,93.0,-3.0999999999999943,,
ICS,Confiança de Serviços (ICS),2019-04,,92.4,-0.5999999999999943,,
ICS,Confiança de Serviços (ICS),2019-05,,89.8,-2.6000000000000085,,
ICS,Confiança de Serviços (ICS),2019-06,,91.2,1.4000000000000057,,
ICS,Confiança de Serviços (ICS),2019-07,,92.8,1.5999999999999943,,
ICS,Confiança de Serviços (ICS),2019-08,,91.6,-1.2000000000000028,,
ICS,Confiança de Serviços (ICS),2019-09,,93.3,1.7000000000000028,,
ICS,Confiança de Serviços (ICS),2019-10,,93.6,0.29999999999999716,,
ICS,Confiança de Serviços (ICS),2019-11,,96.0,2.4000000000000057,,
ICS,Confiança de Serviços (ICS),2019-12,,97.4,1.4000000000000057,,
ICS,Confiança de Serviços (ICS),2020-01,,97.5,0.09999999999999432,,
ICS,Confiança de Serviços (ICS),2020-02,,95.9,-1.5999999999999943,,
ICS,Confiança de Serviços (ICS),2020-03,,83.5,-12.400000000000006,,
ICS,Confiança de Serviços (ICS),2020-04,,50.9,-32.6,,
ICS,Confiança de Serviços (ICS),2020-05,,60.1,9.200000000000003,,
ICS,Confiança de Serviços (ICS),2020-06,,70.8,10.699999999999996,,
ICS,Confiança de Serviços (ICS),2020-07,,77.5,6.700000000000003,,
ICS,Confiança de Serviços (ICS),2020-08,,83.2,5.700000000000003,,
ICS,Confiança de Serviços (ICS),2020-09,,86.4,3.200000000000003,,
ICS,Confiança de Serviços (ICS),2020-10,,87.0,0.5999999999999943,,
ICS,Confiança de Serviços (ICS),2020-11,,86.1,-0.9000000000000057,,
ICS,Confiança de Serviços (ICS),2020-12,,87.9,1.8000000000000114,,
ICS,Confiança de Serviços (ICS),2021-01,,87.2,-0.7000000000000028,,
ICS,Confiança de Serviços (ICS),2021-02,,85.4,-1.7999999999999972,,
ICS,Confiança de Serviços (ICS),2021-03,,78.9,-6.5,,
ICS,Confiança de Serviços (ICS),2021-04,,81.7,2.799999999999997,,
ICS,Confiança de Serviços (ICS),2021-05,,87.1,5.3999999999999915,,
ICS,Confiança de Serviços (ICS),2021-06,,92.1,5.0,,
ICS,Confiança de Serviços (ICS),2021-07,,95.6,3.5,,
ICS,Confiança de Serviços (ICS),2021-08,,97.0,1.4000000000000057,,
ICS,Confiança de Serviços (ICS),2021-09,,95.1,-1.9000000000000057,,
ICS,Confiança de Serviços (ICS),2021-10,,98.0,2.9000000000000057,,
ICS,Confiança de Serviços (ICS),2021-11,,97.5,-0.5,,
ICS,Confiança de Serviços (ICS),2021-12,,98.1,0.5999999999999943,,
ICS,Confiança de Serviços (ICS),2022-01,,93.7,-4.3999999999999915,,
ICS,Confiança de Serviços (ICS),2022-02,,92.6,-1.1000000000000085,,
ICS,Confiança de Serviços (ICS),2022-03,,93.8,1.2000000000000028,,
ICS,Confiança de Serviços (ICS),2022-04,,96.3,2.5,,
ICS,Confiança de Serviços (ICS),2022-05,,97.4,1.1000000000000085,,
ICS,Confiança de Serviços (ICS),2022-06,,96.8,-0.6000000000000085,,
ICS,Confiança de Serviços (ICS),2022-07,,98.0,1.2000000000000028,,
ICS,Confiança de Serviços (ICS),2022-08,,98.0,0.0,,
ICS,Confiança de Serviços (ICS),2022-09,,99.0,1.0,,
ICS,Confiança de Serviços (ICS),2022-10,,97.6,-1.4000000000000057,,
ICS,Confiança de Serviços (ICS),2022-11,,94.1,-3.5,,
ICS,Confiança de Serviços (ICS),2022-12,,94.2,0.10000000000000853,,
ICS,Confiança de Serviços (ICS),2023-01,,91.9,-2.299999999999997,,
ICS,Confiança de Serviços (ICS),2023-02,,92.3,0.3999999999999915,,
ICS,Confiança de Serviços (ICS),2023-03,,93.5,1.2000000000000028,,
ICS,Confiança de Serviços (ICS),2023-04,,93.0,-0.5,,
ICS,Confiança de Serviços (ICS),2023-05,,92.9,-0.09999999999999432,,
ICS,Confiança de Serviços (ICS),2023-06,,94.8,1.8999999999999915,,
ICS,Confiança de Serviços (ICS),2023-07,,95.0,0.20000000000000284,,
ICS,Confiança de Serviços (ICS),2023-08,,94.8,-0.20000000000000284,,
ICS,Confiança de Serviços (ICS),2023-09,,94.4,-0.3999999999999915,,
ICS,Confiança de Serviços (ICS),2023-10,,94.0,-0.4000000000000057,,
ICS,Confiança de Serviços (ICS),2023-11,,94.6,0.5999999999999943,,
ICS,Confiança de Serviços (ICS),2023-12,,93.4,-1.1999999999999886,,
ICS,Confiança de Serviços (ICS),2024-01,,95.3,1.8999999999999915,,
ICS,Confiança de Serviços (ICS),2024-02,,93.9,-1.3999999999999915,,
ICS,Confiança de Serviços (ICS),2024-03,,95.2,1.2999999999999972,,
ICS,Confiança de Serviços (ICS),2024-04,,94.7,-0.5,,
ICS,Confiança de Serviços (ICS),2024-05,,94.1,-0.6000000000000085,,
ICS,Confiança de Serviços (ICS),2024-06,,94.4,0.30000000000001137,,
ICS,Confiança de Serviços (ICS),2024-07,,94.7,0.29999999999999716,,
ICS,Confiança de Serviços (ICS),2024-08,,95.0,0.29999999999999716,,
ICS,Confiança de Serviços (ICS),2024-09,,94.5,-0.5,,
ICS,Confiança de Serviços (ICS),2024-10,,95.6,1.0999999999999943,,
ICS,Confiança de Serviços (ICS),2024-11,,94.9,-0.6999999999999886,,
ICS,Confiança de Serviços (ICS),2024-12,,94.3,-0.6000000000000085,,
ICS,Confiança de Serviços (ICS),2025-01,,91.8,-2.5,,
ICS,Confiança de Serviços (ICS),2025-02,,91.7,-0.09999999999999432,,
ICS,Confiança de Serviços (ICS),2025-03,,92.9,1.2000000000000028,,
ICS,Confiança de Serviços (ICS),2025-04,,90.4,-2.5,,
ICS,Confiança de Serviços (ICS),2025-05,,91.9,1.5,,
ICS,Confiança de Serviços (ICS),2025-06,,90.7,-1.2000000000000028,,
ICS,Confiança de Serviços (ICS),2025-07,,89.7,-1.0,,
ICS,Confiança de Serviços (ICS),2025-08,,87.1,-2.6000000000000085,,
ICS,Confiança de Serviços (ICS),2025-09,,89.0,1.9000000000000057,,
ICS,Confiança de Serviços (ICS),2025-10,,88.9,-0.09999999999999432,,
ICS,Confiança de Serviços (ICS),2025-11,,90.1,1.1999999999999886,,
ICST,Confiança da Construção (ICST),2010-07,,115.9,,,
ICST,Confiança da Construção (ICST),2010-08,,114.6,-1.3000000000000114,,
ICST,Confiança da Construção (ICST),2010-09,,113.2,-1.3999999999999915,,
ICST,Confiança da Construção (ICST),2010-10,,112.5,-0.7000000000000028,,
ICST,Confiança da Construção (ICST),2010-11,,111.7,-0.7999999999999972,,
ICST,Confiança da Construção (ICST),2010-12,,112.1,0.3999999999999915,,
ICST,Confiança da Construção (ICST),2011-01,,111.6,-0.5,,
ICST,Confiança da Construção (ICST),2011-02,,111.5,-0.09999999999999432,,
ICST,Confiança da Construção (ICST),2011-03,,109.9,-1.5999999999999943,,
ICST,Confiança da Construção (ICST),2011-04,,110.8,0.8999999999999915,,
ICST,Confiança da Construção (ICST),2011-05,,111.1,0.29999999999999716,,
ICST,Confiança da Construção (ICST),2011-06,,109.5,-1.5999999999999943,,
ICST,Confiança da Construção (ICST),2011-07,,109.1,-0.4000000000000057,,
ICST,Confiança da Construção (ICST),2011-08,,107.4,-1.6999999999999886,,
ICST,Confiança da Construção (ICST),2011-09,,105.0,-2.4000000000000057,,
ICST,Confiança da Construção (ICST),2011-10,,104.7,-0.29999999999999716,,
ICST,Confiança da Construção (ICST),2011-11,,104.8,0.09999999999999432,,
ICST,Confiança da Construção (ICST),2011-12,,104.7,-0.09999999999999432,,
ICST,Confiança da Construção (ICST),2012-01,,105.3,0.5999999999999943,,
ICST,Confiança da Construção (ICST),2012-02,,106.2,0.9000000000000057,,
ICST,Confiança da Construção (ICST),2012-03,,105.6,-0.6000000000000085,,
ICST,Confiança da Construção (ICST),2012-04,,104.1,-1.5,,
ICST,Confiança da Construção (ICST),2012-05,,104.1,0.0,,
ICST,Confiança da Construção (ICST),2012-06,,103.6,-0.5,,
ICST,Confiança da Construção (ICST),2012-07,,103.1,-0.5,,
ICST,Confiança da Construção (ICST),2012-08,,102.7,-0.3999999999999915,,
ICST,Confiança da Construção (ICST),2012-09,,103.7,1.0,,
ICST,Confiança da Construção (ICST),2012-10,,102.0,-1.7000000000000028,,
ICST,Confiança da Construção (ICST),2012-11,,102.1,0.09999999999999432,,
ICST,Confiança da Construção (ICST),2012-12,,101.6,-0.5,,
ICST,Confiança da Construção (ICST),2013-01,,101.1,-0.5,,
ICST,Confiança da Construção (ICST),2013-02,,100.3,-0.7999999999999972,,
ICST,Confiança da Construção (ICST),2013-03,,101.8,1.5,,
ICST,Confiança da Construção (ICST),2013-04,,101.3,-0.5,,
ICST,Confiança da Construção (ICST),2013-05,,100.4,-0.8999999999999915,,
ICST,Confiança da Construção (ICST),2013-06,,100.6,0.19999999999998863,,
ICST,Confiança da Construção (ICST),2013-07,,99.3,-1.2999999999999972,,
ICST,Confiança da Construção (ICST),2013-08,,98.0,-1.2999999999999972,,
ICST,Confiança da Construção (ICST),2013-09,,98.6,0.5999999999999943,,
ICST,Confiança da Construção (ICST),2013-10,,99.9,1.3000000000000114,,
ICST,Confiança da Construção (ICST),2013-11,,98.8,-1.1000000000000085,,
ICST,Confiança da Construção (ICST),2013-12,,97.8,-1.0,,
ICST,Confiança da Construção (ICST),2014-01,,97.9,0.10000000000000853,,
ICST,Confiança da Construção (ICST),2014-02,,96.7,-1.2000000000000028,,
ICST,Confiança da Construção (ICST),2014-03,,96.7,0.0,,
ICST,Confiança da Construção (ICST),2014-04,,93.2,-3.5,,
ICST,Confiança da Construção (ICST),2014-05,,94.2,1.0,,
ICST,Confiança da Construção (ICST),2014-06,,92.7,-1.5,,
ICST,Confiança da Construção (ICST),2014-07,,91.5,-1.2000000000000028,,
ICST,Confiança da Construção (ICST),2014-08,,91.7,0.20000000000000284,,
ICST,Confiança da Construção (ICST),2014-09,,89.6,-2.1000000000000085,,
ICST,Confiança da Construção (ICST),2014-10,,87.8,-1.7999999999999972,,
ICST,Confiança da Construção (ICST),2014-11,,86.9,-0.8999999999999915,,
ICST,Confiança da Construção (ICST),2014-12,,87.0,0.09999999999999432,,
ICST,Confiança da Construção (ICST),2015-01,,84.0,-3.0,,
ICST,Confiança da Construção (ICST),2015-02,,80.7,-3.299999999999997,,
ICST,Confiança da Construção (ICST),2015-03,,77.6,-3.1000000000000085,,
ICST,Confiança da Construção (ICST),2015-04,,77.9,0.30000000000001137,,
ICST,Confiança da Construção (ICST),2015-05,,75.2,-2.700000000000003,,
ICST,Confiança da Construção (ICST),2015-06,,76.6,1.3999999999999915,,
ICST,Confiança da Construção (ICST),2015-07,,73.0,-3.5999999999999943,,
ICST,Confiança da Construção (ICST),2015-08,,72.6,-0.4000000000000057,,
ICST,Confiança da Construção (ICST),2015-09,,70.1,-2.5,,
ICST,Confiança da Construção (ICST),2015-10,,68.9,-1.1999999999999886,,
ICST,Confiança da Construção (ICST),2015-11,,70.0,1.0999999999999943,,
ICST,Confiança da Construção (ICST),2015-12,,68.7,-1.2999999999999972,,
ICST,Confiança da Construção (ICST),2016-01,,66.8,-1.9000000000000057,,
ICST,Confiança da Construção (ICST),2016-02,,67.8,1.0,,
ICST,Confiança da Construção (ICST),2016-03,,67.7,-0.09999999999999432,,
ICST,Confiança da Construção (ICST),2016-04,,67.1,-0.6000000000000085,,
ICST,Confiança da Construção (ICST),2016-05,,69.4,2.3000000000000114,,
ICST,Confiança da Construção (ICST),2016-06,,69.0,-0.4000000000000057,,
ICST,Confiança da Construção (ICST),2016-07,,70.5,1.5,,
ICST,Confiança da Construção (ICST),2016-08,,72.2,1.7000000000000028,,
ICST,Confiança da Construção (ICST),2016-09,,73.1,0.8999999999999915,,
ICST,Confiança da Construção (ICST),2016-10,,73.5,0.4000000000000057,,
ICST,Confiança da Construção (ICST),2016-11,,72.4,-1.0999999999999943,,
ICST,Confiança da Construção (ICST),2016-12,,71.2,-1.2000000000000028,,
ICST,Confiança da Construção (ICST),2017-01,,73.6,2.3999999999999915,,
ICST,Confiança da Construção (ICST),2017-02,,74.0,0.4000000000000057,,
ICST,Confiança da Construção (ICST),2017-03,,75.1,1.0999999999999943,,
ICST,Confiança da Construção (ICST),2017-04,,75.6,0.5,,
ICST,Confiança da Construção (ICST),2017-05,,74.4,-1.1999999999999886,,
ICST,Confiança da Construção (ICST),2017-06,,74.9,0.5,,
ICST,Confiança da Construção (ICST),2017-07,,74.9,0.0,,
ICST,Confiança da Construção (ICST),2017-08,,76.5,1.5999999999999943,,
ICST,Confiança da Construção (ICST),2017-09,,77.3,0.7999999999999972,,
ICST,Confiança da Construção (ICST),2017-10,,77.8,0.5,,
ICST,Confiança da Construção (ICST),2017-11,,78.7,0.9000000000000057,,
ICST,Confiança da Construção (ICST),2017-12,,80.2,1.5,,
ICST,Confiança da Construção (ICST),2018-01,,81.4,1.2000000000000028,,
ICST,Confiança da Construção (ICST),2018-02,,80.3,-1.1000000000000085,,
ICST,Confiança da Construção (ICST),2018-03,,81.6,1.2999999999999972,,
ICST,Confiança da Construção (ICST),2018-04,,81.5,-0.09999999999999432,,
ICST,Confiança da Construção (ICST),2018-05,,82.5,1.0,,
ICST,Confiança da Construção (ICST),2018-06,,79.9,-2.5999999999999943,,
ICST,Confiança da Construção (ICST),2018-07,,81.4,1.5,,
ICST,Confiança da Construção (ICST),2018-08,,79.5,-1.9000000000000057,,
ICST,Confiança da Construção (ICST),2018-09,,80.3,0.7999999999999972,,
ICST,Confiança da Construção (ICST),2018-10,,81.9,1.6000000000000085,,
ICST,Confiança da Construção (ICST),2018-11,,84.6,2.6999999999999886,,
ICST,Confiança da Construção (ICST),2018-12,,84.3,-0.29999999999999716,,
ICST,Confiança da Construção (ICST),2019-01,,84.1,-0.20000000000000284,,
ICST,Confiança da Construção (ICST),2019-02,,83.9,-0.19999999999998863,,
ICST,Confiança da Construção (ICST),2019-03,,82.9,-1.0,,
ICST,Confiança da Construção (ICST),2019-04,,82.9,0.0,,
ICST,Confiança da Construção (ICST),2019-05,,81.5,-1.4000000000000057,,
ICST,Confiança da Construção (ICST),2019-06,,83.8,2.299999999999997,,
ICST,Confiança da Construção (ICST),2019-07,,85.8,2.0,,
ICST,Confiança da Construção (ICST),2019-08,,87.4,1.6000000000000085,,
ICST,Confiança da Construção (ICST),2019-09,,87.0,-0.4000000000000057,,
ICST,Confiança da Construção (ICST),2019-10,,87.6,0.5999999999999943,,
ICST,Confiança da Construção (ICST),2019-11,,88.9,1.3000000000000114,,
ICST,Confiança da Construção (ICST),2019-12,,91.1,2.1999999999999886,,
ICST,Confiança da Construção (ICST),2020-01,,93.8,2.700000000000003,,
ICST,Confiança da Construção (ICST),2020-02,,92.2,-1.5999999999999943,,
ICST,Confiança da Construção (ICST),2020-03,,91.1,-1.1000000000000085,,
ICST,Confiança da Construção (ICST),2020-04,,64.8,-26.299999999999997,,
ICST,Confiança da Construção (ICST),2020-05,,68.2,3.4000000000000057,,
ICST,Confiança da Construção (ICST),2020-06,,77.3,9.099999999999994,,
ICST,Confiança da Construção (ICST),2020-07,,83.6,6.299999999999997,,
ICST,Confiança da Construção (ICST),2020-08,,87.5,3.9000000000000057,,
ICST,Confiança da Construção (ICST),2020-09,,90.8,3.299999999999997,,
ICST,Confiança da Construção (ICST),2020-10,,94.7,3.9000000000000057,,
ICST,Confiança da Construção (ICST),2020-11,,93.7,-1.0,,
ICST,Confiança da Construção (ICST),2020-12,,93.6,-0.10000000000000853,,
ICST,Confiança da Construção (ICST),2021-01,,92.8,-0.7999999999999972,,
ICST,Confiança da Construção (ICST),2021-02,,92.0,-0.7999999999999972,,
ICST,Confiança da Construção (ICST),2021-03,,89.2,-2.799999999999997,,
ICST,Confiança da Construção (ICST),2021-04,,84.6,-4.6000000000000085,,
ICST,Confiança da Construção (ICST),2021-05,,87.4,2.8000000000000114,,
ICST,Confiança da Construção (ICST),2021-06,,92.3,4.8999999999999915,,
ICST,Confiança da Construção (ICST),2021-07,,95.6,3.299999999999997,,
ICST,Confiança da Construção (ICST),2021-08,,96.0,0.4000000000000057,,
ICST,Confiança da Construção (ICST),2021-09,,95.3,-0.7000000000000028,,
ICST,Confiança da Construção (ICST),2021-10,,95.3,0.0,,
ICST,Confiança da Construção (ICST),2021-11,,95.5,0.20000000000000284,,
ICST,Confiança da Construção (ICST),2021-12,,96.9,1.4000000000000057,,
ICST,Confiança da Construção (ICST),2022-01,,93.7,-3.200000000000003,,
ICST,Confiança da Construção (ICST),2022-02,,94.4,0.7000000000000028,,
ICST,Confiança da Construção (ICST),2022-03,,93.5,-0.9000000000000057,,
ICST,Confiança da Construção (ICST),2022-04,,97.3,3.799999999999997,,
ICST,Confiança da Construção (ICST),2022-05,,96.9,-0.3999999999999915,,
ICST,Confiança da Construção (ICST),2022-06,,97.7,0.7999999999999972,,
ICST,Confiança da Construção (ICST),2022-07,,96.6,-1.1000000000000085,,
ICST,Confiança da Construção (ICST),2022-08,,97.6,1.0,,
ICST,Confiança da Construção (ICST),2022-09,,99.9,2.3000000000000114,,
ICST,Confiança da Construção (ICST),2022-10,,99.3,-0.6000000000000085,,
ICST,Confiança da Construção (ICST),2022-11,,95.2,-4.099999999999994,,
ICST,Confiança da Construção (ICST),2022-12,,95.1,-0.10000000000000853,,
ICST,Confiança da Construção (ICST),2023-01,,94.3,-0.7999999999999972,,
ICST,Confiança da Construção (ICST),2023-02,,94.9,0.6000000000000085,,
ICST,Confiança da Construção (ICST),2023-03,,95.1,0.19999999999998863,,
ICST,Confiança da Construção (ICST),2023-04,,95.5,0.4000000000000057,,
ICST,Confiança da Construção (ICST),2023-05,,94.7,-0.7999999999999972,,
ICST,Confiança da Construção (ICST),2023-06,,94.4,-0.29999999999999716,,
ICST,Confiança da Construção (ICST),2023-07,,95.2,0.7999999999999972,,
ICST,Confiança da Construção (ICST),2023-08,,95.4,0.20000000000000284,,
ICST,Confiança da Construção (ICST),2023-09,,96.5,1.0999999999999943,,
ICST,Confiança da Construção (ICST),2023-10,,95.5,-1.0,,
ICST,Confiança da Construção (ICST),2023-11,,96.5,1.0,,
ICST,Confiança da Construção (ICST),2023-12,,96.1,-0.4000000000000057,,
ICST,Confiança da Construção (ICST),2024-01,,95.5,-0.5999999999999943,,
ICST,Confiança da Construção (ICST),2024-02,,96.9,1.4000000000000057,,
ICST,Confiança da Construção (ICST),2024-03,,96.6,-0.30000000000001137,,
ICST,Confiança da Construção (ICST),2024-04,,95.6,-1.0,,
ICST,Confiança da Construção (ICST),2024-05,,96.5,0.9000000000000057,,
ICST,Confiança da Construção (ICST),2024-06,,96.7,0.20000000000000284,,
ICST,Confiança da Construção (ICST),2024-07,,97.3,0.5999999999999943,,
ICST,Confiança da Construção (ICST),2024-08,,97.2,-0.09999999999999432,,
ICST,Confiança da Construção (ICST),2024-09,,96.9,-0.29999999999999716,,
ICST,Confiança da Construção (ICST),2024-10,,97.4,0.5,,
ICST,Confiança da Construção (ICST),2024-11,,96.2,-1.2000000000000028,,
ICST,Confiança da Construção (ICST),2024-12,,96.8,0.5999999999999943,,
ICST,Confiança da Construção (ICST),2025-01,,94.9,-1.8999999999999915,,
ICST,Confiança da Construção (ICST),2025-02,,94.3,-0.6000000000000085,,
ICST,Confiança da Construção (ICST),2025-03,,95.0,0.7000000000000028,,
ICST,Confiança da Construção (ICST),2025-04,,93.6,-1.4000000000000057,,
ICST,Confiança da Construção (ICST),2025-05,,93.3,-0.29999999999999716,,
ICST,Confiança da Construção (ICST),2025-06,,94.0,0.7000000000000028,,
ICST,Confiança da Construção (ICST),2025-07,,92.7,-1.2999999999999972,,
ICST,Confiança da Construção (ICST),2025-08,,91.6,-1.1000000000000085,,
ICST,Confiança da Construção (ICST),2025-09,,92.3,0.7000000000000028,,
ICST,Confiança da Construção (ICST),2025-10,,91.6,-0.7000000000000028,,
ICST,Confiança da Construção (ICST),2025-11,,92.6,1.0,,
